PLAYER_NAME,TEAM_ABBREVIATION,AGE,FGM,FGA,FG_PCT,FGM,FGA,FG_PCT,FGM,FGA,FG_PCT,FGM,FGA,FG_PCT,FGM,FGA,FG_PCT,FGM,FGA,FG_PCT,FGM,FGA,FG_PCT,FGM,FGA,FG_PCT,FGM,FGA,FG_PCT
Aaron Gordon,ORL,24.0,3.1,4.7,0.653,0.4,1.0,0.356,0.6,1.6,0.337,0.2,1.1,0.197,0.4,1.5,0.306,0.8,2.5,0.313,0.0,0.0,0.0,0.0,0.0,0.0,0.0,0.1,0.0
Aaron Holiday,IND,23.0,1.3,2.5,0.507,0.3,0.8,0.319,0.2,0.6,0.294,0.3,0.9,0.345,0.5,1.2,0.443,0.9,2.4,0.379,0.0,0.1,0.0,0.0,0.0,0.0,0.0,0.0,0.0
Abdel Nader,OKC,26.0,1.0,1.7,0.625,0.1,0.4,0.333,0.0,0.1,0.167,0.1,0.2,0.4,0.3,0.9,0.39,0.5,1.4,0.354,0.0,0.0,0.0,0.0,0.0,0.0,0.0,0.0,0.0
Adam Mokoka,CHI,21.0,0.5,1.1,0.5,0.0,0.0,0.0,0.0,0.0,0.0,0.0,0.1,0.0,0.3,0.7,0.375,0.3,0.7,0.429,0.0,0.0,0.0,0.0,0.0,0.0,0.0,0.0,0.0
Admiral Schofield,WAS,23.0,0.4,0.8,0.526,0.1,0.1,0.667,0.1,0.2,0.6,0.0,0.0,1.0,0.4,1.2,0.348,0.3,1.0,0.261,0.0,0.0,0.0,0.0,0.0,0.0,0.0,0.1,0.0
Al Horford,PHI,33.0,1.7,2.6,0.662,0.5,1.3,0.397,0.4,1.1,0.394,0.5,1.1,0.484,0.4,1.3,0.316,1.2,3.6,0.347,0.0,0.0,0.0,0.0,0.0,0.0,0.0,0.0,0.0
Al-Farouq Aminu,ORL,29.0,0.7,1.9,0.343,0.1,0.5,0.222,0.0,0.0,0.0,0.1,0.2,0.667,0.3,1.1,0.263,0.2,1.1,0.2,0.0,0.0,0.0,0.0,0.0,0.0,0.0,0.0,0.0
Alec Burks,PHI,28.0,1.6,3.3,0.495,0.3,1.0,0.333,0.5,1.3,0.364,0.4,1.0,0.41,0.7,1.7,0.396,1.2,3.3,0.36,0.0,0.1,0.4,0.0,0.0,0.0,0.0,0.1,0.0
Alen Smailagic,GSW,19.0,1.0,1.2,0.824,0.1,0.4,0.333,0.0,0.2,0.0,0.1,0.1,0.5,0.1,0.5,0.143,0.1,0.4,0.333,0.0,0.0,0.0,0.0,0.0,0.0,0.0,0.0,0.0
Alex Caruso,LAL,26.0,1.1,1.8,0.621,0.1,0.3,0.176,0.0,0.2,0.0,0.1,0.3,0.278,0.3,0.8,0.348,0.4,1.1,0.355,0.0,0.0,0.0,0.0,0.0,0.0,0.0,0.0,0.0
Alex Len,SAC,26.0,2.6,3.9,0.661,0.5,0.8,0.575,0.1,0.2,0.417,0.0,0.1,0.2,0.2,0.6,0.323,0.1,0.5,0.167,0.0,0.0,0.0,0.0,0.0,0.0,0.0,0.0,0.0
Alfonzo McKinnie,CLE,27.0,1.2,1.9,0.613,0.2,0.5,0.529,0.1,0.2,0.5,0.0,0.2,0.143,0.2,1.1,0.225,0.1,0.7,0.192,0.0,0.0,0.0,0.0,0.0,0.0,0.0,0.0,0.0
Alize Johnson,IND,24.0,0.5,0.8,0.6,0.1,0.3,0.333,0.0,0.2,0.0,0.0,0.0,0.0,0.0,0.0,0.0,0.0,0.0,0.0,0.0,0.0,0.0,,,,0.0,0.0,0.0
Allen Crabbe,MIN,28.0,0.3,0.5,0.6,0.1,0.2,0.286,0.2,0.4,0.438,0.1,0.3,0.4,0.5,1.4,0.365,0.5,1.9,0.271,0.0,0.0,0.0,0.0,0.0,0.0,0.0,0.1,0.0
Allonzo Trier,NYK,24.0,0.6,1.0,0.625,0.0,0.2,0.25,0.1,0.2,0.6,0.5,0.7,0.667,0.3,0.7,0.438,0.6,1.8,0.357,0.0,0.0,0.0,0.0,0.0,0.0,0.0,0.0,0.0
Amile Jefferson,ORL,27.0,0.3,0.7,0.375,0.1,0.2,0.333,0.1,0.2,0.5,0.0,0.1,0.0,0.0,0.0,0.0,0.0,0.0,0.0,,,,0.0,0.0,0.0,0.0,0.0,0.0
Amir Coffey,LAC,22.0,0.5,1.2,0.385,0.2,0.6,0.4,0.4,0.6,0.8,0.1,0.3,0.333,0.1,0.4,0.25,0.0,0.2,0.0,0.0,0.0,0.0,0.0,0.0,0.0,0.0,0.0,0.0
Andre Drummond,CLE,26.0,6.2,10.2,0.61,0.9,2.5,0.379,0.1,0.3,0.176,0.0,0.1,0.167,0.1,0.2,0.25,0.0,0.4,0.091,0.0,0.0,0.0,0.0,0.0,0.0,0.0,0.0,0.0
Andre Iguodala,MIA,36.0,0.9,1.1,0.75,0.0,0.1,0.0,0.0,0.2,0.0,0.2,0.3,0.75,0.5,1.3,0.389,0.2,0.5,0.429,0.0,0.0,0.0,0.0,0.0,0.0,0.0,0.1,0.0
Andrew Wiggins,GSW,25.0,3.9,6.0,0.646,1.0,2.4,0.415,0.5,1.6,0.307,0.4,1.2,0.348,0.9,2.5,0.358,1.4,4.3,0.328,0.0,0.1,0.2,0.0,0.0,0.0,0.0,0.0,0.0
Anfernee Simons,POR,20.0,1.1,2.0,0.549,0.2,0.7,0.292,0.3,0.7,0.354,0.4,1.0,0.452,0.6,1.4,0.398,0.6,2.1,0.309,0.0,0.0,0.0,0.0,0.0,0.0,0.0,0.1,0.0
Ante Zizic,CLE,23.0,1.4,2.3,0.608,0.2,0.6,0.333,0.3,0.3,0.833,0.1,0.2,0.333,0.0,0.0,0.0,0.0,0.0,0.0,0.0,0.0,0.0,0.0,0.0,0.0,0.0,0.0,0.0
Anthony Davis,LAL,27.0,5.3,7.6,0.703,0.7,1.8,0.404,1.1,2.3,0.457,0.8,2.4,0.323,0.6,1.5,0.42,0.7,2.4,0.3,0.0,0.0,0.0,0.0,0.0,0.0,0.0,0.1,0.0
Anthony Tolliver,MEM,34.0,0.2,0.5,0.4,0.0,0.1,0.5,0.0,0.0,0.5,0.0,0.0,0.5,0.4,1.1,0.4,0.4,1.5,0.29,0.0,0.1,0.0,0.0,0.0,0.0,0.0,0.0,0.0
Antonius Cleveland,DAL,26.0,0.3,0.5,0.667,0.0,0.0,0.0,0.0,0.3,0.0,0.0,0.2,0.0,0.0,0.0,0.0,0.0,0.2,0.0,0.0,0.0,0.0,0.0,0.0,0.0,0.0,0.0,0.0
Anzejs Pasecniks,WAS,24.0,1.9,2.7,0.71,0.4,1.1,0.36,0.1,0.4,0.222,0.0,0.4,0.125,0.0,0.0,0.0,0.0,0.1,0.0,0.0,0.0,0.0,0.0,0.0,0.0,0.0,0.0,0.0
Aron Baynes,PHX,33.0,2.3,3.7,0.618,0.5,0.8,0.588,0.1,0.3,0.429,0.0,0.1,0.167,0.5,1.3,0.364,0.9,2.7,0.339,0.0,0.0,0.0,0.0,0.0,0.0,0.0,0.0,0.0
Austin Rivers,HOU,27.0,1.3,2.4,0.545,0.3,0.7,0.395,0.0,0.2,0.182,0.0,0.0,0.5,0.5,1.2,0.444,0.9,2.7,0.325,0.0,0.0,0.0,0.0,0.0,0.0,0.0,0.0,0.0
Avery Bradley,LAL,29.0,1.0,1.6,0.6,0.2,0.4,0.45,0.2,0.5,0.391,0.7,1.5,0.486,0.8,2.3,0.348,0.6,1.5,0.397,0.0,0.0,0.0,0.0,0.0,0.0,0.0,0.0,0.0
BJ Johnson,ORL,24.0,0.4,0.7,0.6,0.0,0.0,0.0,0.1,0.4,0.333,0.0,0.4,0.0,0.2,1.2,0.167,0.0,0.1,0.0,0.0,0.0,0.0,0.0,0.0,0.0,0.0,0.0,0.0
Bam Adebayo,MIA,22.0,4.6,6.7,0.689,0.8,2.0,0.415,0.7,1.5,0.463,0.1,0.6,0.214,0.0,0.2,0.154,0.0,0.0,0.0,0.0,0.0,0.0,0.0,0.0,0.0,0.0,0.0,0.0
Ben McLemore,HOU,27.0,0.8,1.2,0.716,0.0,0.1,0.2,0.0,0.0,1.0,0.0,0.0,0.0,1.1,2.4,0.442,1.4,3.7,0.369,0.0,0.0,0.0,0.0,0.1,0.0,0.0,0.0,0.0
Ben Simmons,PHI,23.0,5.9,8.9,0.657,0.7,1.9,0.382,0.1,0.4,0.136,0.0,0.1,0.2,0.0,0.1,0.667,0.0,0.0,0.0,0.0,0.0,0.0,0.0,0.0,0.0,0.0,0.0,0.0
Bismack Biyombo,CHA,27.0,2.6,3.9,0.654,0.2,0.9,0.204,0.1,0.3,0.267,0.0,0.1,0.167,0.0,0.0,0.0,0.0,0.0,0.0,0.0,0.0,0.0,0.0,0.0,0.0,0.0,0.0,0.0
Blake Griffin,DET,31.0,3.1,5.9,0.514,0.2,0.8,0.2,0.1,0.4,0.25,0.1,0.3,0.167,0.4,2.3,0.195,1.0,4.0,0.25,0.1,0.1,1.0,0.0,0.0,0.0,0.0,0.0,0.0
Boban Marjanovic,DAL,31.0,1.9,2.6,0.73,0.5,1.2,0.439,0.2,0.6,0.3,0.1,0.3,0.429,0.1,0.1,0.667,0.1,0.4,0.154,0.0,0.0,0.0,0.0,0.0,0.0,0.0,0.0,0.0
Bobby Portis,NYK,25.0,1.4,2.5,0.572,0.6,1.3,0.506,0.4,0.9,0.417,0.3,0.9,0.351,0.6,1.6,0.377,0.7,1.8,0.371,0.0,0.0,0.0,0.0,0.0,0.0,0.0,0.0,0.0
Bogdan Bogdanovic,SAC,27.0,1.1,1.9,0.569,0.5,0.9,0.542,0.4,0.9,0.438,0.5,0.8,0.571,1.1,2.7,0.399,1.7,4.8,0.357,0.0,0.1,0.333,0.0,0.0,0.0,0.0,0.0,0.0
Bojan Bogdanovic,UTA,31.0,2.4,4.1,0.59,0.7,1.9,0.378,0.3,1.0,0.323,0.2,0.5,0.324,1.4,3.4,0.419,1.6,3.8,0.408,0.0,0.1,0.333,0.0,0.0,0.0,0.0,0.0,0.0
Brad Wanamaker,BOS,30.0,1.1,2.0,0.563,0.2,0.7,0.233,0.2,0.4,0.44,0.1,0.3,0.25,0.2,0.5,0.414,0.4,1.2,0.36,0.0,0.0,0.0,0.0,0.0,0.0,0.0,0.0,0.0
Bradley Beal,WAS,26.0,4.4,6.9,0.639,0.6,1.8,0.356,1.1,2.4,0.453,1.1,2.7,0.4,0.9,2.6,0.351,2.2,6.3,0.358,0.0,0.1,0.167,0.0,0.0,0.0,0.0,0.0,0.0
Brandon Clarke,MEM,23.0,3.2,4.4,0.73,0.6,1.1,0.518,0.7,1.3,0.563,0.1,0.2,0.455,0.2,0.6,0.393,0.2,0.5,0.407,0.0,0.0,0.0,0.0,0.0,0.0,0.0,0.0,0.0
Brandon Goodwin,ATL,24.0,0.9,1.5,0.569,0.3,0.7,0.391,0.2,0.5,0.412,0.1,0.3,0.333,0.2,1.0,0.25,0.6,1.6,0.357,0.0,0.0,0.0,0.0,0.0,0.0,0.0,0.1,0.0
Brandon Ingram,NOP,22.0,3.4,5.5,0.621,0.5,1.4,0.37,1.1,2.5,0.435,0.8,1.9,0.404,1.3,3.0,0.44,1.3,3.6,0.352,0.0,0.1,0.0,0.0,0.0,0.0,0.0,0.0,0.0
Brandon Knight,DET,28.0,0.2,0.5,0.333,0.1,0.4,0.3,0.3,0.5,0.583,0.0,0.0,0.0,0.4,1.3,0.281,1.4,3.9,0.357,0.1,0.1,1.0,0.0,0.2,0.0,0.0,0.0,0.0
Brian Bowen II,IND,21.0,0.2,0.8,0.25,0.2,0.2,1.0,0.0,0.2,0.0,0.0,0.0,0.0,0.0,0.6,0.0,0.0,0.0,0.0,,,,,,,0.0,0.0,0.0
Brook Lopez,MIL,32.0,1.6,2.5,0.667,0.5,1.3,0.407,0.4,0.8,0.469,0.0,0.1,0.6,0.3,1.0,0.297,1.1,3.6,0.3,0.0,0.1,0.2,0.0,0.0,0.0,0.0,0.0,0.0
Bruce Brown,DET,23.0,2.2,4.3,0.518,0.6,1.4,0.386,0.1,0.3,0.25,0.0,0.0,0.0,0.4,1.1,0.391,0.2,0.6,0.265,0.0,0.0,0.0,0.0,0.0,0.0,0.0,0.0,0.0
Bruno Caboclo,HOU,24.0,0.8,1.3,0.611,0.2,0.4,0.444,0.0,0.0,0.0,0.0,0.0,1.0,0.2,0.7,0.278,0.0,0.5,0.0,0.0,0.0,0.0,0.0,0.0,0.0,0.0,0.0,0.0
Bruno Fernando,ATL,21.0,1.6,2.3,0.664,0.1,0.4,0.3,0.1,0.2,0.556,0.0,0.0,0.0,0.0,0.4,0.105,0.1,0.3,0.167,0.0,0.0,0.0,0.0,0.0,0.0,0.0,0.0,0.0
Bryn Forbes,SAS,26.0,0.5,0.8,0.588,0.2,0.6,0.429,0.2,0.4,0.462,0.4,0.9,0.456,0.7,1.8,0.389,1.8,4.7,0.39,0.0,0.1,0.0,0.0,0.0,0.0,0.0,0.0,0.0
Buddy Hield,SAC,27.0,1.7,2.7,0.636,0.2,0.8,0.306,0.4,1.1,0.362,0.7,1.6,0.456,1.6,4.2,0.391,2.4,6.2,0.392,0.0,0.1,0.0,0.0,0.0,0.0,0.0,0.0,0.0
CJ McCollum,POR,28.0,2.3,4.4,0.529,0.8,2.1,0.406,1.3,2.4,0.531,1.3,2.6,0.503,1.5,3.4,0.437,1.6,4.6,0.351,0.0,0.1,0.0,0.0,0.0,0.0,0.0,0.0,0.0
CJ Miles,WAS,33.0,0.6,1.5,0.4,0.1,0.4,0.25,0.0,0.1,0.0,0.0,0.2,0.0,0.5,1.3,0.385,0.7,2.3,0.304,0.0,0.3,0.0,0.0,0.0,0.0,0.0,0.0,0.0
Caleb Martin,CHA,24.0,0.8,1.9,0.4,0.1,0.2,0.333,0.0,0.0,0.0,0.1,0.2,0.25,0.5,1.1,0.471,0.7,1.3,0.565,0.0,0.2,0.0,0.0,0.0,0.0,0.0,0.0,0.0
Caleb Swanigan,POR,23.0,0.8,1.2,0.7,0.2,0.3,0.5,0.1,0.2,0.4,0.0,0.1,0.5,0.0,0.0,0.0,0.0,0.0,0.0,0.0,0.0,0.0,0.0,0.0,0.0,0.0,0.0,0.0
Cam Reddish,ATL,20.0,1.4,2.8,0.5,0.3,0.7,0.366,0.2,0.7,0.333,0.3,0.9,0.308,0.7,2.0,0.322,0.9,2.4,0.355,0.0,0.1,0.333,0.0,0.0,0.0,0.0,0.0,0.0
Cameron Johnson,PHX,24.0,0.7,1.2,0.542,0.0,0.1,0.4,0.1,0.2,0.273,0.1,0.3,0.357,1.1,2.6,0.422,0.8,2.2,0.374,0.0,0.0,0.0,0.0,0.0,0.0,0.0,0.0,0.0
Caris LeVert,BKN,25.0,2.7,5.3,0.505,0.8,2.3,0.33,0.8,2.2,0.372,0.3,0.8,0.433,0.5,1.6,0.333,1.3,3.3,0.392,0.0,0.0,0.0,0.0,0.0,0.0,0.0,0.0,0.0
Carmelo Anthony,POR,35.0,1.7,3.2,0.519,0.4,0.9,0.442,1.2,2.8,0.428,0.9,2.3,0.368,1.0,2.5,0.398,0.7,1.9,0.365,0.0,0.0,1.0,0.0,0.0,0.0,0.0,0.0,0.0
Carsen Edwards,BOS,22.0,0.1,0.5,0.278,0.0,0.2,0.0,0.0,0.1,0.0,0.3,0.4,0.75,0.2,0.7,0.273,0.5,1.5,0.327,0.0,0.0,0.0,0.0,0.1,0.0,0.0,0.0,0.0
Cedi Osman,CLE,25.0,1.7,3.0,0.573,0.2,0.7,0.333,0.2,0.5,0.364,0.0,0.2,0.3,0.8,1.8,0.431,1.1,3.1,0.363,0.0,0.1,0.333,0.0,0.0,0.0,0.0,0.0,0.0
Chandler Hutchison,CHI,24.0,2.1,3.8,0.547,0.3,0.8,0.348,0.1,0.2,0.333,0.0,0.1,0.0,0.3,0.8,0.391,0.1,0.5,0.2,0.0,0.0,0.0,0.0,0.0,0.0,0.0,0.0,0.0
Chandler Parsons,ATL,31.0,0.2,0.6,0.333,0.0,0.0,0.0,0.0,0.0,0.0,0.0,0.0,0.0,0.2,0.6,0.333,0.6,2.0,0.3,0.0,1.0,0.0,0.0,0.0,0.0,0.0,0.0,0.0
Charles Brown Jr.,ATL,23.0,0.2,0.7,0.333,0.1,0.4,0.333,0.0,0.1,0.0,0.0,0.0,0.0,0.0,0.3,0.0,0.3,0.7,0.5,0.0,0.0,0.0,,,,0.0,0.0,0.0
Chasson Randle,GSW,27.0,0.0,0.0,0.0,0.0,0.0,0.0,0.0,0.3,0.0,0.0,0.3,0.0,0.0,0.3,0.0,0.0,0.3,0.0,0.0,0.0,0.0,0.0,0.0,0.0,0.0,0.0,0.0
Cheick Diallo,PHX,23.0,1.6,2.2,0.735,0.1,0.3,0.333,0.2,0.4,0.538,0.1,0.3,0.417,0.0,0.0,1.0,0.0,0.0,0.0,0.0,0.0,0.0,0.0,0.0,0.0,0.0,0.0,0.0
Chimezie Metu,SAS,23.0,0.7,0.9,0.786,0.2,0.6,0.375,0.2,0.3,0.5,0.3,0.4,0.8,0.0,0.3,0.0,0.0,0.1,0.0,0.0,0.0,0.0,0.0,0.0,0.0,0.0,0.0,0.0
Chris Boucher,TOR,27.0,1.5,2.6,0.59,0.1,0.1,0.5,0.0,0.1,0.0,0.0,0.0,0.0,0.2,0.6,0.273,0.4,1.3,0.296,0.0,0.0,0.0,0.0,0.0,0.0,0.0,0.0,0.0
Chris Chiozza,BKN,24.0,0.5,1.2,0.423,0.1,0.2,0.667,0.0,0.2,0.0,0.1,0.2,0.25,0.3,0.6,0.417,0.6,1.3,0.464,0.0,0.2,0.0,0.0,0.0,0.0,0.0,0.0,0.0
Chris Clemons,HOU,22.0,0.5,0.9,0.6,0.0,0.0,1.0,0.0,0.1,0.333,0.0,0.1,0.0,0.2,0.4,0.4,1.0,2.9,0.349,0.1,0.3,0.333,0.0,0.0,0.0,0.0,0.0,0.0
Chris Paul,OKC,35.0,1.0,1.3,0.732,0.6,1.1,0.535,1.7,3.1,0.541,1.4,2.7,0.506,0.4,1.3,0.338,1.2,3.0,0.386,0.1,0.1,0.667,0.0,0.1,0.0,0.0,0.2,0.091
Chris Silva,MIA,23.0,1.0,1.4,0.673,0.1,0.2,0.5,0.1,0.1,0.5,0.0,0.1,0.5,0.0,0.0,0.0,0.0,0.0,0.0,0.0,0.0,0.0,0.0,0.0,0.0,0.0,0.0,0.0
Christian Wood,DET,24.0,3.2,4.4,0.735,0.3,0.9,0.327,0.1,0.3,0.278,0.2,0.3,0.474,0.4,0.9,0.393,0.5,1.4,0.4,0.0,0.1,0.0,0.0,0.0,0.0,0.0,0.0,0.0
Clint Capela,ATL,26.0,5.7,8.6,0.671,0.5,1.3,0.373,0.0,0.0,0.0,0.0,0.1,0.5,0.0,0.0,0.0,0.0,0.0,0.0,0.0,0.0,0.0,0.0,0.0,0.0,0.0,0.0,0.0
Coby White,CHI,20.0,1.8,3.7,0.492,0.2,0.7,0.348,0.2,0.5,0.4,0.3,0.9,0.3,0.8,2.2,0.364,1.4,4.1,0.356,0.0,0.1,0.0,0.0,0.0,0.0,0.0,0.0,0.0
Cody Martin,CHA,24.0,1.4,2.2,0.619,0.0,0.1,0.286,0.0,0.1,0.0,0.0,0.2,0.286,0.2,1.0,0.196,0.2,0.8,0.297,0.0,0.0,0.0,0.0,0.0,0.0,0.0,0.0,0.0
Cody Zeller,CHA,27.0,3.6,5.7,0.625,0.4,1.0,0.375,0.0,0.2,0.154,0.0,0.0,1.0,0.1,0.2,0.417,0.2,1.1,0.222,0.0,0.0,0.0,0.0,0.0,0.0,0.0,0.0,0.0
Collin Sexton,CLE,21.0,3.8,6.6,0.576,1.0,2.5,0.39,1.0,2.2,0.472,0.6,1.3,0.419,0.4,1.0,0.412,1.1,3.0,0.365,0.0,0.1,0.25,0.0,0.0,0.0,0.0,0.0,0.0
Cory Joseph,SAC,28.0,0.8,1.2,0.608,0.4,0.9,0.429,0.3,0.7,0.364,0.2,0.5,0.371,0.5,1.3,0.341,0.4,1.1,0.357,0.0,0.0,0.0,0.0,0.0,0.0,0.0,0.0,0.0
Courtney Lee,DAL,34.0,0.5,0.6,0.733,0.2,0.4,0.5,0.0,0.1,0.0,0.1,0.3,0.429,0.7,1.3,0.533,0.2,0.8,0.278,0.0,0.0,0.0,0.0,0.0,0.0,0.0,0.0,0.0
Cristiano Felicio,CHI,27.0,1.5,2.1,0.702,0.0,0.0,0.0,0.1,0.2,0.333,0.0,0.0,0.0,0.0,0.0,0.0,0.0,0.0,0.0,0.0,0.0,0.0,0.0,0.0,0.0,0.0,0.0,0.0
D'Angelo Russell,MIN,24.0,1.3,2.0,0.652,0.6,1.6,0.342,1.0,2.5,0.398,1.4,2.6,0.53,0.9,2.1,0.411,2.6,7.0,0.366,0.3,0.9,0.351,0.0,0.0,0.0,0.0,0.0,0.0
D.J. Augustin,ORL,32.0,1.1,2.2,0.486,0.2,0.7,0.222,0.4,0.8,0.512,0.3,0.8,0.395,0.3,0.8,0.325,1.0,2.6,0.364,0.0,0.0,0.0,0.0,0.0,0.0,0.0,0.1,0.0
D.J. Wilson,MIL,24.0,0.6,0.9,0.704,0.1,0.3,0.375,0.0,0.2,0.167,0.1,0.1,0.667,0.3,0.7,0.5,0.2,1.2,0.135,0.0,0.0,0.0,0.0,0.0,0.0,0.0,0.0,0.0
DaQuan Jeffries,SAC,22.0,0.3,0.3,1.0,0.0,0.2,0.0,0.0,0.0,0.0,0.0,0.0,0.0,0.0,0.5,0.0,0.3,0.5,0.5,0.0,0.0,0.0,,,,0.0,0.0,0.0
Damian Jones,ATL,24.0,2.1,2.8,0.748,0.0,0.2,0.222,0.0,0.0,0.0,0.0,0.1,0.333,0.0,0.1,0.25,0.0,0.0,0.0,0.0,0.0,0.0,0.0,0.0,0.0,0.0,0.0,0.0
Damian Lillard,POR,29.0,3.9,6.9,0.569,0.2,0.7,0.231,0.5,1.0,0.458,0.5,1.1,0.484,0.7,2.0,0.365,2.5,6.4,0.392,0.8,1.9,0.412,0.2,0.3,0.667,0.0,0.1,0.333
Damion Lee,GSW,27.0,1.2,2.2,0.575,0.4,0.9,0.432,0.6,1.3,0.435,0.4,1.0,0.404,0.6,1.6,0.338,1.2,3.4,0.347,0.0,0.1,0.667,0.0,0.0,0.0,0.0,0.0,0.0
Damyean Dotson,NYK,26.0,0.5,0.9,0.591,0.1,0.2,0.333,0.1,0.2,0.4,0.3,0.9,0.375,0.6,1.6,0.365,0.9,2.3,0.393,0.0,0.0,1.0,0.0,0.0,0.0,0.0,0.0,0.0
Daniel Gafford,CHI,21.0,2.1,2.9,0.742,0.0,0.2,0.222,0.0,0.0,0.0,0.0,0.0,0.0,0.0,0.0,0.0,0.0,0.0,0.0,0.0,0.0,0.0,0.0,0.0,0.0,0.0,0.0,0.0
Daniel Theis,BOS,28.0,2.6,3.8,0.689,0.3,0.7,0.45,0.2,0.4,0.52,0.1,0.2,0.5,0.1,0.4,0.19,0.4,1.1,0.377,0.0,0.0,0.0,0.0,0.0,0.0,0.0,0.0,0.0
Danilo Gallinari,OKC,31.0,1.5,2.5,0.571,0.2,0.8,0.261,0.4,0.9,0.447,0.5,1.2,0.4,1.3,2.9,0.447,2.1,5.1,0.413,0.1,0.3,0.3,0.0,0.0,0.0,0.0,0.0,0.0
Danny Green,LAL,32.0,0.7,1.1,0.636,0.2,0.4,0.5,0.1,0.2,0.462,0.1,0.3,0.2,1.1,2.5,0.422,0.8,2.4,0.329,0.0,0.0,1.0,0.0,0.0,0.0,0.0,0.0,0.0
Dante Exum,CLE,24.0,0.9,1.7,0.542,0.2,0.5,0.5,0.0,0.0,1.0,0.0,0.0,0.0,0.1,0.4,0.214,0.3,0.8,0.429,0.0,0.0,0.0,0.0,0.0,0.0,0.0,0.0,0.0
Danuel House Jr.,HOU,26.0,1.4,2.3,0.619,0.1,0.4,0.227,0.1,0.2,0.364,0.0,0.1,0.333,1.1,2.9,0.398,0.8,2.5,0.329,0.0,0.0,0.0,0.0,0.0,0.0,0.0,0.0,0.0
Dario Saric,PHX,26.0,1.8,3.0,0.603,0.2,0.6,0.412,0.1,0.2,0.571,0.2,0.4,0.478,0.4,1.4,0.316,0.9,2.5,0.37,0.0,0.0,0.0,0.0,0.0,0.0,0.0,0.0,0.0
Darius Bazley,OKC,19.0,0.9,1.8,0.505,0.1,0.5,0.269,0.0,0.1,0.25,0.0,0.1,0.4,0.4,1.1,0.339,0.2,0.9,0.261,0.0,0.0,0.0,0.0,0.0,0.0,0.0,0.0,0.0
Darius Garland,CLE,20.0,1.2,2.7,0.44,0.6,1.3,0.486,0.7,1.5,0.438,0.4,1.1,0.349,0.7,1.8,0.371,1.2,3.1,0.374,0.2,0.7,0.231,0.0,0.0,0.0,0.0,0.0,0.0
Daryl Macon,MIA,24.0,0.0,0.0,0.0,0.0,0.0,0.0,0.0,0.0,0.0,0.0,0.0,0.0,0.3,1.0,0.333,0.0,0.0,0.0,,,,0.0,0.0,0.0,,,
David Nwaba,BKN,27.0,1.2,1.8,0.657,0.1,0.4,0.286,0.0,0.1,0.0,0.0,0.0,0.0,0.3,0.7,0.429,0.3,0.7,0.429,0.0,0.0,0.0,0.0,0.0,0.0,0.0,0.0,0.0
Davis Bertans,WAS,27.0,0.8,1.4,0.584,0.1,0.3,0.222,0.2,0.4,0.45,0.1,0.3,0.353,0.6,1.4,0.436,2.8,6.9,0.398,0.4,0.6,0.75,0.0,0.0,0.0,0.0,0.0,0.0
De'Aaron Fox,SAC,22.0,4.0,6.6,0.611,1.1,2.5,0.429,0.7,2.0,0.372,0.3,0.7,0.469,0.5,1.7,0.274,0.7,2.0,0.356,0.0,0.0,0.0,0.0,0.0,0.0,0.0,0.0,0.0
De'Andre Hunter,ATL,22.0,1.6,3.0,0.532,0.3,0.9,0.316,0.3,0.9,0.382,0.2,0.7,0.318,1.0,2.6,0.395,1.0,2.8,0.362,0.0,0.0,0.0,0.0,0.0,0.0,0.0,0.0,0.0
De'Anthony Melton,MEM,21.0,1.4,2.5,0.57,0.3,0.8,0.4,0.2,0.3,0.444,0.2,0.6,0.276,0.4,1.1,0.345,0.4,1.5,0.303,0.0,0.0,0.0,0.0,0.1,0.0,0.0,0.0,0.0
DeAndre Jordan,BKN,31.0,3.3,4.9,0.682,0.1,0.2,0.333,0.0,0.0,0.0,0.0,0.1,0.333,0.0,0.0,0.0,0.0,0.0,0.0,0.0,0.0,0.0,0.0,0.0,0.0,0.0,0.0,0.0
DeAndre' Bembry,ATL,25.0,1.7,3.0,0.583,0.3,0.6,0.407,0.1,0.2,0.571,0.0,0.0,0.0,0.2,0.8,0.229,0.2,0.7,0.241,0.0,0.0,0.0,0.0,0.0,0.0,0.0,0.1,0.0
DeMar DeRozan,SAS,30.0,3.6,5.2,0.687,1.5,3.1,0.487,1.4,3.3,0.431,1.4,3.0,0.462,0.3,0.8,0.396,0.0,0.3,0.176,0.0,0.0,0.0,0.0,0.0,0.0,0.0,0.0,0.0
DeMarre Carroll,HOU,33.0,0.4,0.6,0.615,0.2,0.6,0.364,0.1,0.2,0.667,0.0,0.0,0.0,0.3,0.6,0.5,0.0,0.7,0.067,0.0,0.0,0.0,0.0,0.0,0.0,0.0,0.0,0.0
Dean Wade,CLE,23.0,0.6,0.8,0.778,0.0,0.0,0.0,0.0,0.0,0.0,0.0,0.0,0.0,0.1,0.2,0.5,0.1,0.2,0.5,0.0,0.0,0.0,0.0,0.0,0.0,0.0,0.0,0.0
Deandre Ayton,PHX,21.0,5.6,8.6,0.658,1.1,2.3,0.478,1.2,2.7,0.439,0.5,1.8,0.302,0.0,0.1,0.5,0.0,0.1,0.0,0.0,0.0,0.0,0.0,0.0,0.0,0.0,0.0,0.0
Dejounte Murray,SAS,23.0,1.9,3.4,0.551,0.4,1.1,0.359,0.7,1.4,0.531,0.8,1.7,0.444,0.4,0.9,0.42,0.3,0.8,0.341,0.0,0.0,0.0,0.0,0.0,0.0,0.0,0.0,0.0
Delon Wright,DAL,28.0,1.7,2.8,0.601,0.3,0.9,0.283,0.1,0.2,0.364,0.0,0.1,0.5,0.3,0.8,0.347,0.4,1.0,0.424,0.0,0.1,0.0,0.0,0.0,0.0,0.0,0.1,0.0
Dennis Schroder,OKC,26.0,2.5,4.2,0.608,0.4,1.0,0.413,0.9,2.0,0.432,1.1,2.4,0.454,0.8,1.8,0.473,1.3,3.5,0.359,0.0,0.0,0.0,0.0,0.0,0.0,0.0,0.1,0.0
Dennis Smith Jr.,NYK,22.0,1.1,2.3,0.494,0.2,0.6,0.3,0.1,0.4,0.308,0.1,0.8,0.179,0.2,1.2,0.19,0.3,0.9,0.355,0.0,0.0,0.0,0.0,0.0,0.0,0.0,0.0,0.0
Denzel Valentine,CHI,26.0,0.2,0.4,0.5,0.4,0.9,0.452,0.5,0.9,0.5,0.3,0.5,0.733,0.5,1.3,0.386,0.8,2.5,0.33,0.1,0.4,0.167,0.0,0.0,0.0,0.0,0.1,0.0
Deonte Burton,OKC,26.0,0.8,1.4,0.578,0.0,0.2,0.143,0.0,0.1,0.0,0.0,0.2,0.25,0.1,0.6,0.188,0.2,0.8,0.296,0.0,0.2,0.0,0.0,0.0,0.0,0.0,0.1,0.0
Derrick Favors,NOP,28.0,3.7,5.3,0.7,0.2,0.6,0.345,0.2,0.3,0.467,0.1,0.4,0.294,0.0,0.1,0.2,0.0,0.0,0.0,0.0,0.0,0.0,0.0,0.0,0.0,0.0,0.0,0.0
Derrick Jones Jr.,MIA,23.0,2.5,3.5,0.716,0.1,0.3,0.286,0.0,0.1,0.25,0.0,0.0,0.0,0.5,1.7,0.274,0.2,0.7,0.333,0.0,0.1,0.0,0.0,0.0,0.0,0.0,0.1,0.0
Derrick Rose,DET,31.0,3.7,6.1,0.608,1.0,2.2,0.464,1.0,2.0,0.485,0.6,1.5,0.405,0.5,1.0,0.49,0.6,2.2,0.261,0.0,0.0,0.0,0.0,0.0,0.0,0.0,0.0,0.0
Derrick Walton Jr.,DET,25.0,0.1,0.1,0.667,0.0,0.0,0.0,0.1,0.1,0.667,0.2,0.4,0.444,0.1,0.4,0.2,0.3,0.6,0.571,0.0,0.0,0.0,0.0,0.0,0.0,0.0,0.0,0.0
Derrick White,SAS,25.0,1.5,2.6,0.57,0.6,1.0,0.565,0.2,0.7,0.366,0.2,0.6,0.417,0.4,0.9,0.4,0.6,1.7,0.34,0.0,0.1,0.0,0.0,0.0,0.0,0.0,0.1,0.0
Devin Booker,PHX,23.0,3.4,4.9,0.69,0.7,1.6,0.43,1.5,3.3,0.473,0.9,2.0,0.448,0.7,1.9,0.371,1.5,4.1,0.359,0.1,0.2,0.333,0.0,0.0,0.0,0.0,0.0,0.0
Devon Hall,OKC,24.0,0.2,0.4,0.5,0.0,0.3,0.0,0.0,0.0,0.0,0.0,0.0,0.0,0.0,0.2,0.0,0.0,0.3,0.0,,,,,,,0.0,0.0,0.0
Devonte' Graham,CHA,25.0,1.2,2.7,0.45,0.3,1.0,0.344,0.3,1.0,0.361,0.4,1.1,0.373,0.7,1.7,0.382,2.7,7.4,0.367,0.2,0.4,0.45,0.0,0.1,0.0,0.0,0.1,0.25
Dewan Hernandez,TOR,23.0,0.3,1.0,0.25,0.0,0.0,0.0,0.0,0.0,0.0,0.0,0.0,0.0,0.0,0.0,0.0,0.0,0.3,0.0,,,,,,,0.0,0.0,0.0
Dewayne Dedmon,ATL,30.0,1.4,2.2,0.639,0.2,0.6,0.28,0.1,0.2,0.5,0.1,0.3,0.462,0.1,0.9,0.15,0.4,1.6,0.229,0.0,0.0,0.0,0.0,0.0,0.0,0.0,0.0,0.0
Dillon Brooks,MEM,24.0,1.6,3.2,0.493,0.4,1.4,0.309,0.9,2.1,0.419,0.6,1.5,0.406,0.6,1.9,0.328,1.6,4.1,0.39,0.0,0.1,0.5,0.0,0.0,0.0,0.0,0.0,0.0
Dion Waiters,LAL,28.0,0.3,2.0,0.167,0.0,0.0,0.0,0.0,0.0,0.0,0.3,1.0,0.333,0.7,1.3,0.5,2.0,4.3,0.462,0.0,0.0,0.0,,,,0.0,0.0,0.0
Domantas Sabonis,IND,24.0,5.4,8.5,0.629,0.6,1.5,0.389,0.2,0.5,0.333,0.7,1.5,0.495,0.3,0.8,0.383,0.2,0.8,0.255,0.0,0.0,0.0,0.0,0.0,0.0,0.0,0.0,0.0
Donovan Mitchell,UTA,23.0,2.8,4.9,0.565,1.3,3.1,0.415,1.2,2.3,0.517,1.0,1.9,0.504,1.1,2.8,0.389,1.6,4.4,0.357,0.0,0.2,0.222,0.0,0.0,0.0,0.0,0.1,0.0
Donta Hall,DET,22.0,0.3,1.0,0.25,0.0,0.0,0.0,0.0,0.0,0.0,0.0,0.0,0.0,0.0,0.0,0.0,0.0,0.0,0.0,0.0,0.0,0.0,0.0,0.0,0.0,0.0,0.0,0.0
Donte DiVincenzo,MIL,23.0,1.9,3.0,0.633,0.0,0.2,0.143,0.1,0.3,0.4,0.2,0.4,0.524,0.2,0.8,0.286,1.1,2.9,0.374,0.0,0.0,0.0,0.0,0.0,0.0,0.0,0.1,0.0
Dorian Finney-Smith,DAL,27.0,1.7,2.5,0.658,0.1,0.3,0.263,0.0,0.0,0.5,0.0,0.1,0.286,1.0,2.5,0.419,0.5,1.7,0.308,0.0,0.0,0.0,0.0,0.0,0.0,0.0,0.0,0.0
Doug McDermott,IND,28.0,1.6,2.3,0.693,0.1,0.4,0.375,0.0,0.2,0.2,0.1,0.5,0.286,0.7,1.7,0.427,1.3,2.9,0.441,0.0,0.1,0.5,0.0,0.0,0.0,0.0,0.0,0.0
Dragan Bender,GSW,22.0,1.3,2.3,0.583,0.3,0.8,0.385,0.0,0.0,0.0,0.0,0.0,0.0,0.5,1.1,0.444,0.4,1.5,0.292,0.0,0.1,0.0,0.0,0.0,0.0,0.0,0.0,0.0
Draymond Green,GSW,30.0,1.3,2.2,0.591,0.3,0.9,0.342,0.3,0.6,0.44,0.2,0.6,0.292,0.1,0.6,0.231,0.7,2.5,0.284,0.0,0.0,0.0,0.0,0.0,0.0,0.0,0.0,0.0
Drew Eubanks,SAS,23.0,0.8,1.1,0.733,0.7,0.8,0.8,0.0,0.1,0.0,0.1,0.1,1.0,0.1,0.1,1.0,0.0,0.0,0.0,0.0,0.0,0.0,0.0,0.0,0.0,0.0,0.0,0.0
Duncan Robinson,MIA,26.0,0.6,0.7,0.766,0.1,0.1,0.5,0.0,0.1,0.2,0.0,0.2,0.2,1.5,3.0,0.508,2.1,5.0,0.415,0.2,0.4,0.389,0.0,0.0,1.0,0.0,0.0,0.0
Dusty Hannahs,MEM,26.0,0.5,0.5,1.0,0.5,2.0,0.25,0.0,0.0,0.0,0.0,0.5,0.0,0.0,0.0,0.0,1.0,1.0,1.0,0.0,1.0,0.0,,,,0.0,0.0,0.0
Dwayne Bacon,CHA,24.0,1.1,2.7,0.4,0.3,0.8,0.419,0.1,0.5,0.211,0.2,0.5,0.389,0.1,0.5,0.2,0.4,1.3,0.306,0.0,0.1,0.0,0.0,0.1,0.0,0.0,0.0,0.0
Dwight Howard,LAL,34.0,2.8,3.7,0.758,0.1,0.3,0.474,0.0,0.0,0.0,0.0,0.0,1.0,0.0,0.0,0.333,0.0,0.0,0.667,0.0,0.0,0.0,0.0,0.0,0.0,0.0,0.0,0.0
Dwight Powell,DAL,28.0,3.3,4.3,0.773,0.1,0.4,0.214,0.0,0.1,0.0,0.0,0.1,0.0,0.1,0.4,0.286,0.2,0.6,0.24,0.0,0.0,0.0,0.0,0.0,0.0,0.0,0.0,0.0
Dzanan Musa,BKN,21.0,0.9,1.8,0.5,0.1,0.2,0.286,0.1,0.1,0.5,0.0,0.0,0.0,0.2,0.7,0.25,0.3,1.2,0.205,0.1,0.2,0.5,0.0,0.0,0.0,0.0,0.0,0.0
E'Twaun Moore,NOP,31.0,1.2,1.9,0.615,0.6,1.4,0.444,0.2,0.9,0.261,0.1,0.4,0.333,0.7,1.9,0.354,0.6,1.5,0.385,0.0,0.1,0.0,0.0,0.0,0.0,0.0,0.0,0.0
Ed Davis,UTA,30.0,0.5,1.0,0.462,0.0,0.3,0.143,0.0,0.0,0.0,0.0,0.0,1.0,0.0,0.0,0.0,0.0,0.0,0.0,0.0,0.0,0.0,0.0,0.0,0.0,0.0,0.0,0.0
Edmond Sumner,IND,24.0,1.4,2.2,0.607,0.1,0.5,0.167,0.0,0.1,0.0,0.0,0.1,0.5,0.2,0.7,0.333,0.2,0.8,0.2,0.0,0.0,0.0,0.0,0.0,0.0,0.0,0.0,0.0
Elfrid Payton,NYK,26.0,2.6,5.0,0.534,0.7,1.6,0.432,0.3,0.8,0.368,0.3,0.8,0.4,0.2,0.5,0.304,0.2,1.0,0.156,0.0,0.1,0.0,0.0,0.0,0.0,0.0,0.0,0.0
Elie Okobo,PHX,22.0,0.7,1.3,0.544,0.0,0.3,0.167,0.1,0.5,0.292,0.0,0.1,0.2,0.2,0.5,0.444,0.2,0.8,0.302,0.0,0.1,0.0,0.0,0.0,0.0,0.0,0.0,0.0
Emmanuel Mudiay,UTA,24.0,1.1,2.0,0.531,0.4,0.8,0.513,0.5,1.1,0.451,0.3,0.5,0.6,0.3,0.8,0.342,0.3,0.8,0.368,0.0,0.0,0.0,0.0,0.1,0.0,0.0,0.0,0.0
Enes Kanter,BOS,28.0,3.0,5.0,0.605,0.3,0.6,0.424,0.0,0.0,0.5,0.1,0.2,0.333,0.0,0.1,0.5,0.0,0.1,0.0,0.0,0.0,0.0,0.0,0.0,0.0,0.0,0.0,0.0
Eric Bledsoe,MIL,30.0,3.3,5.0,0.656,0.4,1.3,0.315,0.4,0.9,0.415,0.3,0.8,0.341,0.4,1.0,0.386,1.0,2.8,0.346,0.0,0.0,0.0,0.0,0.0,0.0,0.0,0.0,0.0
Eric Gordon,HOU,31.0,1.9,3.5,0.534,0.1,0.5,0.222,0.1,0.3,0.333,0.0,0.0,0.0,0.3,1.4,0.188,2.4,7.0,0.345,0.1,0.3,0.2,0.0,0.0,0.0,0.0,0.1,0.0
Eric Mika,SAC,25.0,1.0,2.0,0.5,0.0,0.0,0.0,1.0,1.0,1.0,0.0,0.0,0.0,0.0,0.0,0.0,0.0,0.0,0.0,,,,,,,0.0,0.0,0.0
Eric Paschall,GSW,23.0,2.9,4.5,0.657,0.6,1.4,0.41,0.4,0.9,0.429,0.6,1.3,0.467,0.4,1.3,0.316,0.4,1.3,0.313,0.0,0.0,0.0,0.0,0.0,0.0,0.0,0.0,0.0
Ersan Ilyasova,MIL,33.0,1.2,2.1,0.573,0.1,0.4,0.381,0.1,0.3,0.5,0.1,0.2,0.667,0.3,0.9,0.327,0.6,1.4,0.416,0.0,0.0,1.0,0.0,0.1,0.0,0.0,0.0,0.0
Evan Fournier,ORL,27.0,2.2,3.4,0.641,0.5,1.2,0.413,0.5,1.2,0.419,0.5,1.3,0.385,1.3,2.4,0.534,1.7,4.7,0.368,0.0,0.1,0.0,0.0,0.0,0.0,0.0,0.0,0.0
Evan Turner,MIN,31.0,0.6,1.1,0.524,0.3,0.5,0.556,0.2,0.9,0.167,0.3,0.6,0.5,0.0,0.3,0.0,0.0,0.1,0.0,0.0,0.0,0.0,0.0,0.0,0.0,0.0,0.0,0.0
Frank Jackson,NOP,22.0,0.6,1.4,0.458,0.2,0.4,0.429,0.3,0.6,0.462,0.1,0.3,0.25,0.5,1.3,0.381,0.4,1.2,0.295,0.0,0.0,0.0,0.0,0.0,0.0,0.0,0.1,0.0
Frank Kaminsky,PHX,27.0,1.8,3.2,0.563,0.6,1.1,0.588,0.2,0.5,0.294,0.2,0.3,0.455,0.3,0.9,0.357,0.9,2.7,0.337,0.0,0.0,0.0,0.0,0.0,0.0,0.0,0.0,0.0
Frank Mason,MIL,26.0,0.4,1.0,0.4,0.0,0.5,0.0,0.0,0.0,0.0,0.2,0.3,0.5,0.0,0.6,0.0,0.4,1.2,0.333,0.0,0.3,0.0,,,,0.0,0.0,0.0
Frank Ntilikina,NYK,21.0,0.7,1.3,0.534,0.1,0.4,0.4,0.1,0.6,0.242,0.4,0.8,0.463,0.7,1.6,0.443,0.3,1.3,0.227,0.0,0.1,0.5,0.0,0.0,0.0,0.0,0.0,0.0
Fred VanVleet,TOR,26.0,2.7,5.5,0.485,0.1,0.6,0.185,0.2,0.5,0.348,0.2,0.7,0.25,1.0,2.4,0.417,1.8,4.8,0.373,0.1,0.3,0.5,0.0,0.0,0.0,0.0,0.0,0.0
Furkan Korkmaz,PHI,22.0,0.8,1.3,0.607,0.3,0.7,0.372,0.2,0.5,0.355,0.2,0.5,0.448,0.8,1.7,0.495,1.2,3.4,0.361,0.0,0.1,0.0,0.0,0.0,0.0,0.0,0.0,0.0
Gabe Vincent,MIA,23.0,0.0,0.3,0.0,0.0,0.0,0.0,0.0,0.7,0.0,0.0,0.0,0.0,0.0,2.0,0.0,0.8,2.0,0.4,0.0,0.0,0.0,0.0,0.0,0.0,0.0,0.0,0.0
Garrett Temple,BKN,34.0,1.1,2.0,0.545,0.1,0.2,0.417,0.1,0.4,0.333,0.2,0.4,0.476,1.0,3.2,0.318,1.0,3.1,0.331,0.0,0.2,0.167,0.0,0.0,0.0,0.0,0.0,0.0
Garrison Mathews,WAS,23.0,0.1,0.1,1.0,0.1,0.2,0.333,0.0,0.1,0.0,0.2,0.3,0.6,0.4,0.8,0.462,0.7,1.7,0.4,0.1,0.3,0.5,0.0,0.2,0.0,0.0,0.0,0.0
Gary Clark,ORL,25.0,0.3,0.4,0.769,0.0,0.0,0.0,0.0,0.0,0.0,0.0,0.0,0.0,0.5,1.2,0.39,0.3,1.3,0.267,0.0,0.0,0.0,0.0,0.0,0.0,0.0,0.0,0.0
Gary Harris,DEN,25.0,1.9,3.3,0.565,0.2,0.8,0.279,0.2,0.6,0.306,0.3,0.6,0.424,0.9,2.2,0.398,0.5,1.8,0.286,0.0,0.0,0.0,0.0,0.0,0.0,0.0,0.0,0.0
Gary Payton II,WAS,27.0,1.2,2.1,0.579,0.0,0.3,0.0,0.0,0.1,0.333,0.0,0.1,0.5,0.3,1.0,0.28,0.2,0.8,0.286,0.0,0.0,0.0,0.0,0.0,0.0,0.0,0.0,0.0
Gary Trent Jr.,POR,21.0,0.5,1.0,0.56,0.1,0.4,0.368,0.2,0.5,0.458,0.4,0.9,0.467,0.8,2.2,0.364,0.8,1.9,0.42,0.0,0.0,0.0,0.0,0.0,0.0,0.0,0.0,0.0
George Hill,MIL,34.0,1.6,2.4,0.675,0.1,0.4,0.238,0.1,0.3,0.353,0.1,0.4,0.368,0.6,1.0,0.558,0.9,2.0,0.466,0.0,0.0,0.0,0.0,0.0,0.0,0.0,0.0,0.0
Georges Niang,UTA,26.0,0.5,0.7,0.69,0.2,0.4,0.478,0.0,0.2,0.222,0.0,0.1,0.167,0.9,2.0,0.43,0.5,1.2,0.394,0.0,0.0,0.0,0.0,0.0,0.0,0.0,0.0,0.0
Giannis Antetokounmpo,MIL,25.0,7.8,11.0,0.711,0.6,1.8,0.356,0.5,1.3,0.425,0.4,1.0,0.407,0.3,0.6,0.457,1.2,4.3,0.29,0.0,0.0,0.0,0.0,0.0,0.0,0.0,0.0,0.0
Glenn Robinson III,PHI,26.0,1.8,2.7,0.656,0.5,1.0,0.435,0.5,1.0,0.45,0.6,1.3,0.468,0.8,2.0,0.39,0.7,1.6,0.398,0.0,0.0,0.0,0.0,0.0,0.0,0.0,0.0,0.0
Goga Bitadze,IND,20.0,0.6,0.7,0.778,0.2,0.4,0.529,0.1,0.4,0.316,0.3,0.5,0.632,0.0,0.3,0.167,0.1,0.5,0.16,0.0,0.0,0.0,0.0,0.0,0.0,0.0,0.0,0.0
Goran Dragic,MIA,34.0,1.8,3.0,0.607,0.4,1.1,0.333,0.4,1.2,0.349,0.5,1.1,0.466,0.9,2.0,0.426,1.4,3.9,0.37,0.0,0.1,0.0,0.0,0.0,0.0,0.0,0.0,0.0
Gordon Hayward,BOS,30.0,2.5,3.8,0.671,0.8,1.6,0.466,1.0,2.0,0.5,0.6,1.5,0.412,0.8,1.8,0.438,1.1,2.8,0.394,0.0,0.0,0.0,0.0,0.0,0.0,0.0,0.0,0.0
Gorgui Dieng,MEM,30.0,1.2,1.9,0.63,0.2,0.5,0.414,0.2,0.4,0.458,0.1,0.4,0.4,0.6,1.4,0.39,0.5,1.4,0.342,0.0,0.0,0.0,0.0,0.1,0.0,0.0,0.0,0.0
Grant Williams,BOS,21.0,0.7,1.1,0.657,0.1,0.3,0.429,0.0,0.2,0.3,0.0,0.1,0.167,0.2,0.7,0.283,0.1,0.6,0.216,0.0,0.0,0.0,0.0,0.0,0.0,0.0,0.0,0.0
Grayson Allen,MEM,24.0,1.0,1.4,0.69,0.3,0.9,0.385,0.2,0.6,0.438,0.0,0.0,0.0,0.5,1.3,0.4,0.6,1.7,0.327,0.0,0.0,0.0,0.0,0.0,0.0,0.0,0.0,0.0
Hamidou Diallo,OKC,21.0,2.0,3.4,0.581,0.2,0.8,0.258,0.1,0.3,0.3,0.1,0.3,0.364,0.2,0.8,0.29,0.0,0.2,0.0,0.0,0.0,0.0,0.0,0.0,0.0,0.0,0.0,0.0
Harrison Barnes,SAC,27.0,2.6,4.4,0.594,0.7,1.9,0.375,0.2,0.7,0.286,0.1,0.3,0.381,0.8,2.0,0.378,0.7,1.8,0.386,0.0,0.1,0.0,0.0,0.0,0.0,0.0,0.0,1.0
Harry Giles III,SAC,22.0,1.9,2.6,0.724,0.4,0.9,0.441,0.3,0.8,0.367,0.4,0.9,0.472,0.1,0.2,0.222,0.0,0.0,0.0,0.0,0.0,0.0,0.0,0.0,0.0,0.0,0.0,0.0
Hassan Whiteside,POR,30.0,5.2,7.3,0.712,0.8,1.8,0.477,0.4,1.0,0.406,0.3,0.7,0.405,0.1,0.2,0.385,0.0,0.1,0.4,0.0,0.0,0.0,0.0,0.0,0.0,0.0,0.0,0.0
Henry Ellenson,BKN,23.0,0.2,0.4,0.5,0.0,0.3,0.0,0.0,0.0,0.0,0.0,0.0,0.0,0.0,0.4,0.0,0.0,0.5,0.0,0.0,0.0,0.0,,,,0.0,0.0,0.0
Ian Mahinmi,WAS,33.0,2.1,3.6,0.58,0.4,1.0,0.405,0.1,0.1,0.4,0.0,0.0,0.0,0.1,0.2,0.333,0.1,0.5,0.211,0.0,0.0,0.0,0.0,0.0,0.0,0.0,0.0,0.0
Ignas Brazdeikis,NYK,21.0,0.6,0.9,0.714,0.0,0.3,0.0,0.0,0.2,0.0,0.0,0.1,0.0,0.0,0.4,0.0,0.1,0.9,0.143,0.0,0.0,0.0,,,,0.0,0.0,0.0
Iman Shumpert,BKN,29.0,0.5,0.9,0.583,0.0,0.0,0.0,0.1,0.2,0.333,0.2,0.8,0.3,0.5,1.4,0.389,0.2,1.6,0.143,0.0,0.0,0.0,0.0,0.0,0.0,0.0,0.0,0.0
Isaac Bonga,WAS,20.0,1.2,1.9,0.623,0.1,0.2,0.462,0.0,0.1,0.143,0.0,0.0,0.0,0.3,0.5,0.533,0.1,0.4,0.292,0.0,0.0,0.0,0.0,0.0,0.0,0.0,0.0,0.0
Isaiah Hartenstein,HOU,22.0,1.8,2.3,0.765,0.2,0.5,0.444,0.1,0.1,0.5,0.0,0.0,0.0,0.0,0.0,0.0,0.0,0.2,0.0,0.0,0.0,0.0,0.0,0.0,0.0,0.0,0.0,0.0
Isaiah Roby,OKC,22.0,0.0,0.3,0.0,0.0,0.0,0.0,0.0,0.0,0.0,0.0,0.0,0.0,0.0,0.0,0.0,0.0,0.0,0.0,,,,0.0,0.0,0.0,0.0,0.0,0.0
Isaiah Thomas,WAS,31.0,0.5,1.2,0.429,0.4,1.2,0.319,0.6,1.6,0.359,0.9,1.8,0.521,0.4,1.3,0.32,1.5,3.7,0.42,0.1,0.1,1.0,0.0,0.0,0.0,0.0,0.0,0.0
Ish Smith,WAS,31.0,1.7,3.0,0.581,0.3,1.0,0.351,0.6,1.2,0.493,0.7,1.9,0.386,0.5,1.2,0.378,0.5,1.5,0.364,0.0,0.0,0.0,0.0,0.0,0.0,0.0,0.0,0.0
Ivica Zubac,LAC,23.0,2.6,4.2,0.62,0.3,0.6,0.486,0.1,0.2,0.545,0.1,0.2,0.583,0.0,0.0,1.0,0.0,0.0,0.0,0.0,0.0,0.0,0.0,0.0,0.0,0.0,0.0,0.0
J.J. Barea,DAL,35.0,1.1,2.0,0.558,0.2,0.8,0.227,0.1,0.5,0.231,0.2,0.4,0.4,0.5,1.1,0.448,0.8,2.0,0.385,0.0,0.0,0.0,0.0,0.0,0.0,0.0,0.0,0.0
J.P. Macura,CLE,24.0,,,,,,,,,,0.0,0.0,0.0,,,,,,,0.0,0.0,0.0,,,,,,
JJ Redick,NOP,35.0,0.5,0.9,0.529,0.1,0.3,0.167,0.2,0.4,0.391,0.6,1.4,0.416,1.4,2.9,0.481,1.9,4.3,0.453,0.0,0.0,1.0,0.0,0.1,0.0,0.0,0.0,0.0
Ja Morant,MEM,20.0,3.8,6.8,0.56,0.9,2.1,0.439,0.8,1.5,0.516,0.2,0.5,0.379,0.3,0.7,0.366,0.7,1.8,0.381,0.0,0.1,0.5,0.0,0.1,0.0,0.0,0.1,0.0
JaKarr Sampson,IND,27.0,1.5,2.2,0.714,0.1,0.2,0.5,0.1,0.3,0.333,0.1,0.1,1.0,0.0,0.4,0.1,0.0,0.1,0.333,0.0,0.0,0.0,0.0,0.0,0.0,0.0,0.0,0.0
JaMychal Green,LAC,29.0,0.8,1.4,0.564,0.1,0.2,0.385,0.0,0.0,0.0,0.0,0.1,0.5,0.6,1.5,0.418,0.7,2.3,0.317,0.0,0.0,1.0,0.0,0.0,0.0,0.0,0.0,0.0
JaVale McGee,LAL,32.0,2.6,3.8,0.691,0.2,0.5,0.375,0.1,0.2,0.5,0.0,0.0,0.333,0.0,0.0,0.0,0.0,0.1,0.6,0.0,0.0,0.0,0.0,0.0,0.0,0.0,0.0,0.0
Jabari Parker,SAC,25.0,4.2,6.2,0.685,0.5,1.2,0.415,0.2,0.5,0.333,0.2,0.5,0.294,0.5,1.6,0.302,0.5,2.0,0.246,0.0,0.0,0.0,0.0,0.0,0.0,0.0,0.1,0.0
Jacob Evans,MIN,22.0,0.3,0.8,0.364,0.0,0.3,0.125,0.3,0.8,0.348,0.5,1.3,0.389,0.1,0.6,0.235,0.4,1.0,0.37,0.0,0.1,0.0,0.0,0.0,0.0,0.0,0.0,0.0
Jae Crowder,MIA,29.0,1.2,1.9,0.624,0.1,0.2,0.25,0.0,0.2,0.2,0.1,0.3,0.471,0.8,2.4,0.35,1.2,3.8,0.303,0.0,0.0,0.0,0.0,0.1,0.0,0.0,0.0,0.0
Jahlil Okafor,NOP,24.0,2.4,3.7,0.654,0.6,1.1,0.531,0.1,0.2,0.333,0.0,0.0,0.0,0.0,0.0,0.0,0.0,0.1,0.5,0.0,0.0,0.0,0.0,0.0,0.0,0.0,0.0,0.0
Jake Layman,MIN,26.0,1.9,3.2,0.581,0.2,0.6,0.286,0.2,0.3,0.571,0.2,0.3,0.667,0.5,1.4,0.333,0.7,1.9,0.341,0.0,0.1,0.0,0.0,0.0,0.0,0.0,0.0,0.0
Jakob Poeltl,SAS,24.0,1.8,2.8,0.654,0.3,0.6,0.5,0.2,0.3,0.579,0.0,0.0,0.0,0.0,0.0,0.0,0.0,0.0,0.0,0.0,0.0,0.0,0.0,0.0,0.0,0.0,0.0,0.0
Jalen Brunson,DAL,23.0,1.1,1.8,0.598,0.6,1.2,0.477,0.4,0.8,0.511,0.3,0.9,0.396,0.4,1.0,0.414,0.4,1.2,0.319,0.0,0.0,1.0,0.0,0.0,0.0,0.0,0.0,0.0
Jalen Lecque,PHX,19.0,0.8,1.0,0.75,0.0,0.0,0.0,0.5,0.5,1.0,0.0,0.3,0.0,0.0,0.5,0.0,0.0,0.7,0.0,,,,0.0,0.0,0.0,0.0,0.0,0.0
Jalen McDaniels,CHA,22.0,1.1,1.9,0.6,0.2,0.7,0.3,0.1,0.4,0.4,0.1,0.1,1.0,0.4,0.9,0.429,0.2,0.6,0.333,0.0,0.0,0.0,0.0,0.0,0.0,0.0,0.1,0.0
Jamal Murray,DEN,23.0,2.3,3.7,0.614,0.6,1.3,0.444,0.8,1.7,0.447,1.1,2.7,0.432,1.2,2.8,0.418,1.1,3.2,0.339,0.0,0.0,0.0,0.0,0.0,1.0,0.0,0.1,0.0
James Ennis III,ORL,29.0,1.2,2.1,0.591,0.0,0.1,0.222,0.0,0.1,0.125,0.0,0.1,0.25,0.5,1.2,0.423,0.3,1.1,0.261,0.0,0.0,0.0,0.0,0.0,0.0,0.0,0.0,0.0
James Harden,HOU,30.0,4.2,7.0,0.6,1.0,2.5,0.387,0.1,0.4,0.348,0.1,0.2,0.636,0.4,1.3,0.329,3.9,10.9,0.355,0.2,0.5,0.364,0.0,0.0,0.0,0.0,0.0,0.0
James Johnson,MIN,33.0,2.0,3.2,0.618,0.1,0.4,0.364,0.0,0.2,0.143,0.1,0.1,0.5,0.3,0.9,0.321,0.8,1.8,0.414,0.0,0.1,0.0,0.0,0.1,0.0,0.0,0.1,0.0
Jared Dudley,LAL,34.0,0.1,0.3,0.25,0.0,0.0,0.0,0.0,0.0,0.0,0.0,0.1,0.25,0.2,0.3,0.6,0.2,0.6,0.391,0.1,0.1,1.0,0.0,0.0,0.0,0.0,0.0,0.0
Jared Harper,PHX,22.0,0.0,0.3,0.0,0.5,0.5,1.0,0.0,0.0,0.0,0.0,0.0,0.0,0.0,0.3,0.0,0.0,0.3,0.0,,,,,,,0.0,0.0,0.0
Jaren Jackson Jr.,MEM,20.0,2.6,4.2,0.636,0.7,2.0,0.368,0.1,0.4,0.333,0.1,0.1,0.5,0.8,2.0,0.398,1.6,4.1,0.397,0.1,0.3,0.5,0.0,0.1,0.0,0.0,0.0,0.0
Jarred Vanderbilt,MIN,21.0,0.5,0.6,0.714,0.0,0.0,0.0,0.0,0.0,0.0,0.0,0.0,0.0,0.0,0.1,0.0,0.0,0.0,0.0,0.0,0.0,0.0,0.0,0.0,0.0,0.0,0.0,0.0
Jarrell Brantley,UTA,23.0,0.0,0.0,0.0,0.0,0.0,0.0,0.0,0.0,0.0,0.0,0.0,0.0,0.0,0.0,0.0,0.0,0.0,0.0,0.0,0.0,0.0,,,,0.0,0.0,0.0
Jarrett Allen,BKN,22.0,4.0,5.8,0.694,0.1,0.5,0.241,0.0,0.1,0.2,0.0,0.0,0.0,0.0,0.1,0.0,0.0,0.0,0.0,0.0,0.0,0.0,0.0,0.0,0.0,0.0,0.0,0.0
Jarrett Culver,MIN,21.0,2.3,4.4,0.516,0.2,0.7,0.277,0.1,0.2,0.5,0.0,0.2,0.154,0.4,1.4,0.314,0.6,2.1,0.296,0.0,0.0,0.0,0.0,0.0,0.0,0.0,0.0,0.0
Jarrod Uthoff,MEM,27.0,0.0,0.3,0.0,0.0,0.5,0.0,0.5,0.5,1.0,0.0,0.0,0.0,0.0,0.3,0.0,0.0,0.8,0.0,0.0,0.0,0.0,,,,0.0,0.0,0.0
Javonte Green,BOS,26.0,0.9,1.4,0.597,0.1,0.3,0.4,0.0,0.0,0.5,0.0,0.0,1.0,0.1,0.3,0.3,0.1,0.3,0.231,0.0,0.0,0.0,0.0,0.0,0.0,0.0,0.0,0.0
Jaxson Hayes,NOP,20.0,2.7,3.8,0.706,0.1,0.3,0.214,0.0,0.1,0.333,0.0,0.0,0.0,0.0,0.0,1.0,0.0,0.0,0.0,0.0,0.0,0.0,0.0,0.0,0.0,0.0,0.1,0.0
Jaylen Brown,BOS,23.0,3.5,5.6,0.621,0.8,1.7,0.465,0.5,1.1,0.474,0.5,1.2,0.466,1.1,2.3,0.479,1.1,3.3,0.317,0.0,0.1,0.0,0.0,0.1,0.0,0.0,0.0,0.0
Jaylen Hoard,POR,21.0,1.3,1.8,0.714,0.0,0.4,0.0,0.0,0.3,0.0,0.0,0.1,0.0,0.0,0.2,0.0,0.0,0.1,0.0,0.0,0.0,0.0,0.0,0.0,0.0,0.0,0.0,0.0
Jaylen Nowell,MIN,20.0,0.6,1.2,0.5,0.3,0.4,0.833,0.1,0.1,0.5,0.1,0.1,1.0,0.1,0.9,0.167,0.1,1.0,0.071,0.0,0.0,0.0,0.0,0.0,0.0,0.0,0.0,0.0
Jayson Tatum,BOS,22.0,3.5,6.4,0.554,0.6,1.5,0.393,0.7,1.9,0.389,0.7,1.7,0.41,0.9,2.2,0.386,2.0,5.0,0.395,0.1,0.1,0.667,0.0,0.0,0.0,0.0,0.0,0.0
Jeff Green,HOU,33.0,1.4,2.1,0.643,0.3,0.7,0.423,0.1,0.2,0.286,0.0,0.1,0.0,0.7,1.9,0.392,0.5,1.5,0.339,0.0,0.0,0.0,0.0,0.0,0.0,0.0,0.2,0.0
Jeff Teague,ATL,31.0,1.7,3.1,0.53,0.8,1.8,0.43,0.3,0.9,0.321,0.2,0.4,0.391,0.2,0.5,0.344,0.5,1.4,0.376,0.0,0.0,0.0,0.0,0.1,0.0,0.0,0.0,0.0
Jerami Grant,DEN,26.0,2.1,3.2,0.641,0.3,0.9,0.316,0.1,0.5,0.31,0.2,0.6,0.359,0.8,2.0,0.408,0.6,1.6,0.386,0.0,0.0,0.0,0.0,0.0,0.0,0.0,0.0,0.0
Jeremiah Martin,BKN,23.0,0.3,0.7,0.5,0.0,0.0,0.0,0.0,0.0,0.0,0.0,0.3,0.0,0.0,0.7,0.0,0.0,0.0,0.0,,,,,,,0.0,0.0,0.0
Jeremy Lamb,IND,27.0,1.5,2.6,0.571,0.5,1.0,0.5,0.8,1.2,0.632,0.7,1.9,0.371,0.4,1.3,0.345,0.8,2.3,0.346,0.0,0.2,0.167,0.0,0.0,0.0,0.0,0.0,0.0
Jeremy Pargo,GSW,34.0,1.7,2.0,0.833,0.0,1.0,0.0,0.7,1.0,0.667,0.3,0.7,0.5,0.0,0.3,0.0,1.0,2.3,0.429,,,,,,,0.0,0.0,0.0
Jerome Robinson,WAS,23.0,0.4,0.8,0.488,0.1,0.3,0.2,0.2,0.4,0.526,0.2,0.5,0.346,0.3,1.1,0.259,0.3,1.1,0.321,0.0,0.0,0.0,0.0,0.0,0.0,0.0,0.0,0.0
Jevon Carter,PHX,24.0,0.4,0.8,0.462,0.0,0.2,0.091,0.1,0.2,0.455,0.2,0.5,0.455,0.4,1.1,0.357,0.6,1.3,0.438,0.0,0.0,0.0,0.0,0.0,0.0,0.0,0.0,0.0
Jimmy Butler,MIA,30.0,3.4,5.5,0.623,1.0,2.5,0.406,0.6,1.7,0.389,0.4,1.3,0.296,0.3,0.9,0.294,0.3,1.3,0.236,0.0,0.1,0.5,0.0,0.0,0.0,0.0,0.1,0.0
Joe Chealey,CHA,24.0,0.0,0.3,0.0,0.0,0.7,0.0,0.0,0.0,0.0,0.0,0.0,0.0,0.0,0.8,0.0,0.0,0.3,0.0,,,,,,,0.0,0.0,0.0
Joe Harris,BKN,28.0,2.3,4.0,0.576,0.2,0.5,0.323,0.1,0.3,0.471,0.2,0.4,0.435,0.9,2.2,0.434,1.5,3.8,0.401,0.0,0.0,1.0,0.0,0.0,0.0,0.0,0.0,0.0
Joe Ingles,UTA,32.0,1.0,1.6,0.64,0.2,0.8,0.313,0.2,0.4,0.478,0.0,0.1,0.429,0.8,2.2,0.379,1.1,2.7,0.415,0.0,0.1,0.25,0.0,0.0,0.0,0.0,0.0,0.0
Joel Embiid,PHI,26.0,3.3,5.0,0.661,1.0,2.0,0.494,1.0,2.5,0.387,0.8,2.4,0.352,0.3,0.9,0.316,1.2,3.1,0.384,0.0,0.1,0.0,0.0,0.0,0.0,0.0,0.0,0.0
John Collins,ATL,22.0,6.0,8.3,0.721,0.6,1.3,0.481,0.2,0.9,0.278,0.2,0.5,0.476,0.4,1.0,0.415,1.1,2.7,0.402,0.0,0.0,0.0,0.0,0.0,0.0,0.0,0.0,0.0
John Henson,DET,29.0,1.8,2.5,0.737,0.3,0.8,0.394,0.0,0.0,1.0,0.0,0.1,0.0,0.1,0.5,0.2,0.1,0.4,0.267,0.0,0.0,0.0,0.0,0.0,0.0,0.0,0.0,0.0
John Konchar,MEM,24.0,1.1,1.6,0.696,0.1,0.1,1.0,0.1,0.1,1.0,0.0,0.0,0.0,0.1,0.4,0.167,0.2,0.2,1.0,0.0,0.0,0.0,0.0,0.0,0.0,0.0,0.0,0.0
Johnathan Motley,LAC,25.0,0.8,1.1,0.769,0.0,0.2,0.0,0.0,0.0,0.0,0.0,0.0,0.0,0.0,0.0,0.0,0.1,0.1,1.0,0.0,0.0,0.0,0.0,0.0,0.0,0.0,0.0,0.0
Johnathan Williams,WAS,25.0,1.1,1.3,0.846,0.3,0.6,0.6,0.0,0.1,0.0,0.2,0.4,0.5,0.0,0.1,0.0,0.0,0.0,0.0,0.0,0.0,0.0,0.0,0.0,0.0,0.0,0.1,0.0
Jonah Bolden,PHX,24.0,0.7,1.2,0.571,0.0,0.0,0.0,0.0,0.0,0.0,0.0,0.0,0.0,0.0,0.3,0.0,0.0,0.3,0.0,0.0,0.0,0.0,,,,0.0,0.0,0.0
Jonas Valanciunas,MEM,28.0,3.9,5.6,0.703,1.5,2.7,0.529,0.2,0.7,0.326,0.1,0.2,0.462,0.1,0.5,0.321,0.4,0.9,0.4,0.0,0.0,0.0,0.0,0.0,0.0,0.0,0.0,0.0
Jonathan Isaac,ORL,22.0,2.6,4.1,0.629,0.2,0.6,0.278,0.5,1.3,0.385,0.5,1.2,0.395,0.5,1.3,0.375,0.5,1.7,0.291,0.0,0.0,0.0,0.0,0.0,0.0,0.0,0.0,0.0
Jordan Bell,MEM,25.0,1.0,1.5,0.659,0.1,0.2,0.333,0.0,0.1,0.0,0.0,0.1,0.0,0.1,0.3,0.4,0.0,0.1,0.0,0.0,0.0,0.0,0.0,0.0,0.0,0.0,0.0,0.0
Jordan Bone,DET,22.0,0.1,0.2,0.5,0.0,0.3,0.0,0.2,0.4,0.5,0.0,0.3,0.0,0.0,0.3,0.0,0.2,0.8,0.286,0.0,0.0,0.0,,,,0.0,0.0,0.0
Jordan Clarkson,UTA,27.0,2.2,3.4,0.642,0.9,1.8,0.504,0.3,0.8,0.396,0.1,0.3,0.235,1.0,2.5,0.4,1.1,3.2,0.348,0.0,0.0,0.0,0.0,0.0,0.0,0.0,0.0,0.0
Jordan McLaughlin,MIN,24.0,1.7,2.9,0.591,0.1,0.3,0.3,0.1,0.1,1.0,0.0,0.0,0.0,0.3,0.8,0.348,0.7,1.6,0.447,0.0,0.1,0.0,0.0,0.2,0.0,0.0,0.2,0.0
Jordan McRae,DET,29.0,1.5,2.7,0.56,0.3,0.9,0.324,0.3,1.2,0.273,0.6,1.4,0.408,0.6,1.5,0.396,0.8,2.2,0.35,0.1,0.2,0.333,0.0,0.1,0.0,0.0,0.1,0.0
Jordan Poole,GSW,20.0,0.8,1.6,0.467,0.2,0.4,0.55,0.2,0.7,0.316,0.4,1.2,0.348,0.4,1.3,0.293,0.9,3.3,0.282,0.1,0.4,0.158,0.0,0.0,0.0,0.0,0.1,0.0
Josh Gray,NOP,26.0,0.5,1.0,0.5,0.0,0.0,0.0,0.0,0.0,0.0,0.0,0.0,0.0,0.0,0.0,0.0,0.0,0.0,0.0,0.0,0.0,0.0,0.0,0.0,0.0,0.0,0.0,0.0
Josh Hart,NOP,25.0,1.4,2.1,0.656,0.1,0.2,0.455,0.1,0.2,0.231,0.0,0.1,0.125,0.9,2.2,0.416,1.0,3.5,0.285,0.1,0.1,1.0,0.0,0.0,0.0,0.0,0.0,0.0
Josh Jackson,MEM,23.0,1.9,2.9,0.642,0.4,0.9,0.412,0.1,0.3,0.167,0.1,0.3,0.4,0.8,2.0,0.389,0.6,2.0,0.278,0.0,0.1,0.0,0.0,0.0,0.0,0.0,0.1,0.0
Josh Magette,ORL,30.0,0.5,0.5,1.0,0.0,0.3,0.0,0.1,0.4,0.333,0.0,0.4,0.0,0.0,0.0,0.0,0.1,0.5,0.25,,,,0.0,0.0,0.0,0.0,0.0,0.0
Josh Okogie,MIN,21.0,1.9,3.1,0.615,0.1,0.6,0.211,0.0,0.2,0.25,0.0,0.0,0.0,0.4,1.2,0.347,0.2,1.3,0.183,0.0,0.0,1.0,0.0,0.0,0.0,0.0,0.0,0.0
Josh Reaves,DAL,22.0,0.0,0.0,0.0,,,,0.0,1.0,0.0,,,,0.0,0.0,0.0,0.0,0.0,0.0,,,,,,,0.0,0.0,0.0
Josh Richardson,PHI,26.0,1.4,2.4,0.581,0.5,1.3,0.403,0.5,1.4,0.333,1.1,2.0,0.538,0.6,1.4,0.391,1.1,3.4,0.323,0.0,0.0,0.0,0.0,0.0,0.0,0.0,0.0,0.0
Jrue Holiday,NOP,29.0,4.3,7.2,0.588,0.7,2.1,0.322,0.4,0.9,0.451,0.2,0.7,0.306,0.8,2.3,0.341,1.3,3.7,0.358,0.0,0.0,0.0,0.0,0.0,1.0,0.0,0.0,0.0
Juan Toscano-Anderson,GSW,27.0,1.5,2.8,0.556,0.1,0.1,1.0,0.0,0.1,0.0,0.0,0.0,0.0,0.3,0.9,0.364,0.3,1.2,0.286,0.0,0.0,0.0,0.0,0.0,0.0,0.0,0.0,0.0
Juancho Hernangomez,MIN,24.0,1.1,2.1,0.525,0.0,0.2,0.1,0.0,0.1,0.5,0.0,0.1,0.0,0.3,0.9,0.326,0.6,1.8,0.353,0.0,0.0,0.0,0.0,0.0,0.0,0.0,0.0,0.0
Julius Randle,NYK,25.0,4.0,6.9,0.583,1.1,2.4,0.447,0.6,1.3,0.447,0.5,1.2,0.367,0.5,1.5,0.354,0.5,2.3,0.233,0.0,0.0,0.0,0.0,0.0,0.0,0.0,0.0,0.0
Justin Anderson,BKN,26.0,0.3,1.0,0.333,0.0,0.0,0.0,0.0,0.0,0.0,0.0,0.0,0.0,0.0,0.3,0.0,0.0,1.0,0.0,0.0,0.0,0.0,,,,0.0,0.0,0.0
Justin Holiday,IND,31.0,0.8,1.4,0.543,0.0,0.1,0.167,0.1,0.2,0.375,0.2,0.4,0.4,1.0,2.3,0.423,0.9,2.1,0.432,0.0,0.0,0.0,0.0,0.0,0.0,0.0,0.1,0.0
Justin Jackson,DAL,25.0,0.8,1.4,0.588,0.3,0.7,0.439,0.2,0.6,0.364,0.0,0.1,0.4,0.2,0.9,0.216,0.6,1.7,0.333,0.0,0.0,0.0,0.1,0.1,1.0,0.0,0.0,0.0
Justin James,SAC,23.0,0.5,0.9,0.542,0.2,0.3,0.5,0.2,0.3,0.556,0.1,0.4,0.25,0.2,0.6,0.353,0.1,0.4,0.2,0.0,0.0,0.0,0.2,0.2,1.0,0.0,0.1,0.0
Justin Patton,OKC,22.0,0.2,0.6,0.333,0.7,0.7,1.0,0.0,0.0,0.0,0.0,0.3,0.0,0.0,0.5,0.0,0.2,0.4,0.5,0.0,0.0,0.0,,,,0.0,0.0,0.0
Justin Robinson,WAS,22.0,0.0,0.0,0.0,0.1,0.1,1.0,0.0,0.0,0.0,0.1,0.9,0.167,0.2,0.2,1.0,0.3,0.5,0.5,0.0,0.0,0.0,0.0,0.0,0.0,0.0,0.0,0.0
Justin Wright-Foreman,UTA,22.0,,,,0.0,0.0,0.0,0.0,0.0,0.0,,,,,,,0.0,0.0,0.0,0.0,0.0,0.0,,,,,,
Justise Winslow,MEM,24.0,2.4,4.7,0.5,1.0,2.6,0.379,0.3,0.8,0.333,0.4,0.9,0.4,0.1,1.0,0.091,0.5,1.6,0.278,0.0,0.0,0.0,0.0,0.0,0.0,0.0,0.0,0.0
Juwan Morgan,UTA,23.0,0.5,0.8,0.636,0.1,0.1,1.0,0.0,0.0,0.0,0.0,0.0,0.0,0.0,0.3,0.0,0.1,0.1,0.5,0.0,0.0,0.0,0.0,0.0,0.0,0.0,0.0,0.0
KZ Okpala,MIA,21.0,0.6,0.6,1.0,0.0,0.3,0.0,0.0,0.0,0.0,0.0,0.0,0.0,0.0,0.3,0.0,0.0,0.0,0.0,,,,0.0,0.0,0.0,0.0,0.0,0.0
Kadeem Allen,NYK,27.0,0.4,0.9,0.444,0.4,0.8,0.5,0.7,1.1,0.6,0.0,0.1,0.0,0.3,1.0,0.333,0.3,0.9,0.375,0.0,0.0,0.0,0.0,0.5,0.0,0.0,0.0,0.0
Karl-Anthony Towns,MIN,24.0,4.7,6.8,0.695,0.7,1.6,0.404,0.1,0.5,0.235,0.1,0.5,0.294,1.0,2.8,0.367,2.3,5.5,0.429,0.0,0.1,0.0,0.0,0.0,0.0,0.0,0.0,0.0
Kawhi Leonard,LAC,28.0,2.6,4.3,0.616,1.3,2.6,0.481,1.8,3.7,0.492,1.3,2.9,0.439,0.7,1.8,0.376,1.6,4.5,0.362,0.0,0.1,0.0,0.0,0.0,0.0,0.0,0.0,0.0
Keita Bates-Diop,DEN,24.0,1.4,2.1,0.639,0.1,0.5,0.15,0.0,0.2,0.143,0.0,0.1,0.0,0.5,1.3,0.36,0.4,1.2,0.311,0.0,0.1,0.0,0.0,0.0,0.0,0.0,0.0,0.0
Kelan Martin,MIN,24.0,0.8,1.3,0.634,0.3,0.7,0.476,0.3,0.5,0.667,0.0,0.3,0.0,0.5,1.5,0.311,0.3,1.7,0.2,0.0,0.0,0.0,0.0,0.0,0.0,0.0,0.0,1.0
Keldon Johnson,SAS,20.0,1.3,1.9,0.667,0.3,0.8,0.429,0.0,0.3,0.0,0.1,0.1,1.0,0.3,0.6,0.5,0.0,0.1,0.0,0.0,0.0,0.0,0.0,0.0,0.0,0.0,0.0,0.0
Kelly Olynyk,MIA,29.0,0.9,1.4,0.65,0.1,0.4,0.286,0.1,0.3,0.467,0.1,0.2,0.3,0.5,1.1,0.446,0.9,2.0,0.429,0.1,0.2,0.5,0.0,0.0,0.0,0.0,0.0,0.0
Kelly Oubre Jr.,PHX,24.0,3.3,5.8,0.56,0.6,1.6,0.375,0.5,1.1,0.435,0.2,0.4,0.458,1.0,2.7,0.355,1.2,3.1,0.378,0.0,0.0,1.0,0.0,0.0,0.0,0.0,0.0,0.0
Kemba Walker,BOS,30.0,2.3,4.4,0.528,0.3,0.9,0.289,0.4,0.9,0.435,0.6,1.3,0.418,0.7,1.6,0.423,2.8,7.4,0.378,0.0,0.1,0.25,0.0,0.0,0.0,0.0,0.1,0.0
Kendrick Nunn,MIA,24.0,2.0,3.4,0.592,0.5,1.2,0.382,0.5,1.2,0.458,0.9,1.8,0.491,0.9,2.4,0.363,1.4,3.7,0.379,0.0,0.1,0.0,0.0,0.0,0.0,0.0,0.0,0.0
Kenrich Williams,NOP,25.0,0.6,1.1,0.541,0.1,0.1,0.4,0.0,0.1,0.5,0.0,0.0,0.0,0.6,1.7,0.361,0.1,1.0,0.114,0.0,0.0,0.0,0.0,0.0,0.0,0.0,0.1,0.0
Kent Bazemore,SAC,30.0,1.2,2.6,0.456,0.2,0.5,0.323,0.1,0.4,0.259,0.2,0.5,0.313,0.8,2.1,0.356,0.5,1.4,0.359,0.0,0.1,0.0,0.0,0.0,0.0,0.0,0.1,0.0
Kentavious Caldwell-Pope,LAL,27.0,1.4,2.2,0.647,0.1,0.2,0.4,0.2,0.6,0.368,0.4,0.8,0.46,0.8,1.9,0.408,0.7,1.7,0.382,0.0,0.0,0.0,0.0,0.0,0.0,0.0,0.0,0.0
Kevin Hervey,OKC,23.0,0.3,0.3,1.0,0.0,0.0,0.0,0.0,0.3,0.0,0.0,0.0,0.0,0.0,0.7,0.0,0.0,1.2,0.0,0.0,0.0,0.0,,,,0.0,0.0,0.0
Kevin Huerter,ATL,21.0,1.1,1.9,0.55,0.3,0.9,0.367,0.5,1.2,0.431,0.3,0.7,0.447,0.7,1.8,0.392,1.6,4.3,0.37,0.0,0.2,0.125,0.0,0.0,0.0,0.0,0.0,0.0
Kevin Knox II,NYK,20.0,0.7,1.5,0.485,0.1,0.4,0.31,0.2,0.4,0.407,0.1,0.5,0.194,0.5,1.5,0.327,0.6,1.8,0.325,0.0,0.1,0.5,0.0,0.0,0.0,0.0,0.0,0.0
Kevin Love,CLE,31.0,1.4,2.4,0.574,0.3,0.8,0.432,0.7,1.1,0.594,0.6,1.2,0.463,1.0,2.1,0.5,1.7,5.0,0.337,0.2,0.5,0.4,0.1,0.1,1.0,0.0,0.0,0.0
Kevin Porter Jr.,CLE,20.0,2.0,3.0,0.645,0.2,0.5,0.391,0.2,0.6,0.29,0.3,0.9,0.311,0.4,1.2,0.355,0.7,2.1,0.321,0.0,0.0,0.0,0.0,0.0,0.0,0.0,0.0,0.0
Kevon Looney,GSW,24.0,1.2,2.2,0.545,0.1,0.3,0.167,0.1,0.1,0.5,0.1,0.6,0.167,0.1,0.4,0.143,0.0,0.4,0.0,0.0,0.0,0.0,0.0,0.0,0.0,0.0,0.1,0.0
Khem Birch,ORL,27.0,1.1,1.6,0.651,0.3,1.1,0.295,0.1,0.1,0.4,0.0,0.1,0.0,0.0,0.0,0.0,0.0,0.0,0.0,0.0,0.0,0.0,0.0,0.0,0.0,0.0,0.0,0.0
Khris Middleton,MIL,28.0,1.5,2.5,0.591,0.8,1.5,0.542,1.3,2.4,0.53,1.5,2.7,0.537,0.9,1.9,0.472,1.8,4.4,0.407,0.0,0.0,0.0,0.0,0.0,0.0,0.0,0.0,0.0
Khyri Thomas,DET,24.0,0.0,0.1,0.0,0.0,0.0,0.0,0.0,0.2,0.0,0.0,0.0,0.0,0.3,1.0,0.286,0.4,1.1,0.375,0.0,0.0,0.0,0.0,0.0,0.0,0.0,0.0,0.0
Kostas Antetokounmpo,LAL,22.0,0.0,0.0,0.0,0.0,0.0,0.0,0.0,0.0,0.0,0.0,0.0,0.0,0.0,0.0,0.0,0.0,0.0,0.0,,,,,,,,,
Kris Dunn,CHI,26.0,2.0,3.2,0.633,0.3,0.8,0.381,0.1,0.4,0.278,0.0,0.1,0.0,0.3,1.1,0.283,0.3,1.3,0.25,0.0,0.0,0.0,0.0,0.0,0.0,0.0,0.0,0.0
Kristaps Porzingis,DAL,24.0,2.3,3.5,0.652,0.4,1.4,0.282,0.8,2.3,0.368,0.5,1.2,0.387,0.5,1.2,0.393,1.9,5.7,0.341,0.2,0.5,0.476,0.0,0.1,0.333,0.0,0.0,0.0
Ky Bowman,GSW,22.0,1.1,1.9,0.586,0.2,0.7,0.29,0.4,0.8,0.474,0.5,1.1,0.4,0.4,1.0,0.409,0.4,1.5,0.269,0.0,0.0,0.0,0.0,0.0,0.0,0.0,0.1,0.0
Kyle Anderson,MEM,26.0,1.1,1.7,0.63,0.5,0.9,0.528,0.3,0.6,0.471,0.2,0.4,0.455,0.3,0.9,0.327,0.1,0.3,0.2,0.0,0.0,0.0,0.0,0.0,0.0,0.0,0.0,0.0
Kyle Guy,SAC,22.0,0.0,0.0,0.0,0.0,0.0,0.0,0.0,0.0,0.0,0.0,0.0,0.0,0.5,1.0,0.5,0.0,0.0,0.0,,,,,,,0.0,0.0,0.0
Kyle Korver,MIL,39.0,0.1,0.2,0.364,0.0,0.1,0.25,0.1,0.1,0.571,0.2,0.4,0.5,0.7,1.5,0.481,1.1,2.7,0.387,0.1,0.1,0.667,0.0,0.0,0.0,0.0,0.0,0.0
Kyle Kuzma,LAL,24.0,2.0,2.9,0.694,0.6,1.7,0.376,0.3,0.8,0.419,0.3,0.8,0.357,0.7,1.6,0.447,0.7,2.9,0.239,0.0,0.2,0.0,0.1,0.2,0.5,0.0,0.1,0.0
Kyle Lowry,TOR,34.0,2.1,3.6,0.572,0.3,0.7,0.432,0.2,0.5,0.444,0.3,0.7,0.371,0.7,2.1,0.336,2.3,6.3,0.368,0.1,0.4,0.333,0.0,0.0,0.0,0.0,0.1,0.0
Kyle O'Quinn,PHI,30.0,0.7,1.2,0.613,0.0,0.0,1.0,0.1,0.3,0.333,0.2,0.3,0.571,0.1,0.4,0.3,0.2,0.6,0.375,0.0,0.1,0.0,0.0,0.0,0.0,0.0,0.0,0.0
Kyrie Irving,BKN,28.0,3.3,5.2,0.635,1.0,2.3,0.413,1.8,3.5,0.514,0.9,2.3,0.378,1.6,3.3,0.47,1.5,4.1,0.354,0.1,0.1,1.0,0.0,0.1,0.0,0.0,0.1,0.0
LaMarcus Aldridge,SAS,34.0,2.5,3.7,0.675,0.6,1.3,0.471,1.3,2.8,0.45,1.5,3.4,0.436,0.9,1.9,0.466,0.6,1.8,0.354,0.0,0.0,0.0,0.0,0.0,0.0,0.0,0.0,0.0
Landry Shamet,LAC,23.0,0.6,1.0,0.63,0.0,0.2,0.182,0.2,0.3,0.571,0.0,0.1,0.0,1.0,2.4,0.402,1.3,3.4,0.383,0.0,0.0,0.0,0.0,0.0,0.0,0.0,0.0,0.0
Langston Galloway,DET,28.0,0.8,1.3,0.631,0.2,0.7,0.327,0.2,0.6,0.432,0.2,0.5,0.485,1.2,2.6,0.482,0.8,2.5,0.325,0.0,0.1,0.0,0.0,0.0,0.0,0.0,0.0,0.0
Larry Nance Jr.,CLE,27.0,2.4,3.4,0.729,0.2,0.5,0.4,0.1,0.4,0.333,0.3,0.5,0.556,0.5,1.2,0.439,0.5,1.7,0.301,0.0,0.0,0.0,0.0,0.0,0.0,0.0,0.0,0.0
Lauri Markkanen,CHI,23.0,2.3,3.9,0.596,0.4,1.2,0.362,0.1,0.3,0.267,0.0,0.1,0.333,0.6,1.9,0.344,1.5,4.5,0.341,0.0,0.1,0.5,0.0,0.0,0.0,0.0,0.0,0.0
LeBron James,LAL,35.0,5.9,8.7,0.684,0.5,1.2,0.365,0.4,1.2,0.296,0.5,1.3,0.375,0.6,1.8,0.352,1.8,5.2,0.355,0.1,0.2,0.273,0.1,0.1,1.0,0.0,0.0,0.0
Lonnie Walker IV,SAS,21.0,1.1,2.0,0.533,0.2,0.7,0.324,0.1,0.3,0.214,0.3,0.7,0.371,0.3,0.8,0.385,0.3,0.7,0.472,0.0,0.0,0.0,0.0,0.0,0.0,0.0,0.0,0.0
Lonzo Ball,NOP,22.0,1.6,2.7,0.599,0.1,0.6,0.156,0.1,0.4,0.273,0.3,0.8,0.362,0.9,2.5,0.355,1.6,4.1,0.392,0.0,0.0,0.0,0.0,0.1,0.0,0.0,0.0,0.0
Lou Williams,LAC,33.0,2.0,3.8,0.524,0.8,1.8,0.421,0.6,1.7,0.353,0.8,2.1,0.384,0.8,2.1,0.392,1.1,3.1,0.37,0.1,0.3,0.231,0.0,0.0,0.0,0.0,0.0,0.0
Louis King,DET,21.0,0.3,0.5,0.6,0.1,0.2,0.5,0.0,0.2,0.0,0.0,0.1,0.0,0.3,0.5,0.6,0.1,0.6,0.167,0.0,0.0,0.0,0.0,0.0,0.0,0.0,0.0,0.0
Luguentz Dort,OKC,21.0,1.3,2.4,0.557,0.1,0.4,0.364,0.0,0.1,0.0,0.0,0.0,0.0,0.4,1.5,0.25,0.4,1.0,0.379,0.0,0.0,0.0,0.0,0.0,0.0,0.0,0.0,0.0
Luka Doncic,DAL,21.0,4.6,6.7,0.693,1.4,3.3,0.412,0.4,1.1,0.421,0.1,0.4,0.318,0.4,1.1,0.361,2.4,7.4,0.318,0.2,0.4,0.364,0.0,0.0,0.0,0.0,0.2,0.0
Luka Samanic,SAS,20.0,0.0,1.0,0.0,0.0,1.0,0.0,0.0,0.0,0.0,0.0,0.0,0.0,0.0,0.0,0.0,0.0,2.0,0.0,,,,,,,0.0,0.0,0.0
Luke Kennard,DET,23.0,1.3,2.0,0.655,0.4,1.0,0.414,0.3,1.0,0.31,0.8,1.5,0.5,0.9,2.3,0.375,1.8,4.3,0.408,0.0,0.1,0.0,0.0,0.0,0.0,0.0,0.0,0.0
Luke Kornet,CHI,24.0,1.3,1.7,0.726,0.1,0.3,0.364,0.1,0.1,0.5,0.0,0.0,0.0,0.3,1.0,0.25,0.6,2.0,0.306,0.0,0.1,0.0,0.0,0.0,0.0,0.0,0.0,0.0
Malcolm Brogdon,IND,27.0,2.5,4.9,0.506,0.2,0.7,0.333,0.4,1.0,0.429,1.4,2.6,0.532,0.4,1.0,0.408,1.0,3.3,0.321,0.0,0.3,0.0,0.0,0.0,0.0,0.0,0.0,0.0
Malcolm Miller,TOR,27.0,0.1,0.2,0.5,0.0,0.1,0.0,0.0,0.0,0.0,0.0,0.0,0.0,0.2,0.4,0.625,0.0,0.5,0.091,0.0,0.0,0.0,0.0,0.0,0.0,0.0,0.0,0.0
Malik Beasley,MIN,23.0,1.3,2.4,0.562,0.2,0.7,0.225,0.3,0.7,0.463,0.3,0.7,0.41,0.9,2.1,0.414,1.1,3.0,0.372,0.0,0.1,0.333,0.0,0.0,0.0,0.0,0.0,0.0
Malik Monk,CHA,22.0,2.0,3.1,0.64,0.5,1.2,0.382,0.2,0.5,0.462,0.1,0.3,0.313,0.3,1.2,0.266,0.7,2.4,0.308,0.1,0.2,0.286,0.0,0.0,0.0,0.0,0.1,0.0
Malik Newman,CLE,23.0,0.0,0.0,0.0,0.0,0.0,0.0,0.0,0.0,0.0,0.0,1.0,0.0,0.0,0.0,0.0,0.0,1.0,0.0,,,,,,,,,
Marc Gasol,TOR,35.0,0.7,1.3,0.532,0.4,0.7,0.615,0.1,0.6,0.238,0.1,0.4,0.154,0.3,0.9,0.323,1.1,2.7,0.418,0.0,0.0,0.0,0.0,0.0,0.0,0.0,0.0,0.0
Marco Belinelli,SAS,34.0,0.3,0.5,0.5,0.0,0.1,0.333,0.1,0.2,0.333,0.3,0.7,0.4,0.7,1.6,0.4,0.7,1.9,0.366,0.0,0.1,0.333,0.0,0.1,0.0,0.0,0.0,0.0
Marcus Morris Sr.,LAC,30.0,0.7,1.6,0.471,0.5,1.4,0.36,0.8,1.7,0.479,1.2,2.5,0.493,1.1,2.8,0.406,1.5,3.5,0.417,0.0,0.1,0.333,0.0,0.1,0.0,0.0,0.1,0.0
Marcus Smart,BOS,26.0,0.9,2.0,0.462,0.5,1.2,0.379,0.5,1.1,0.491,0.2,0.5,0.308,0.7,2.2,0.342,1.7,4.8,0.358,0.0,0.1,0.2,0.0,0.0,0.0,0.0,0.1,0.0
Marial Shayok,PHI,24.0,0.0,0.5,0.0,0.0,0.0,0.0,0.0,0.0,0.0,0.0,0.0,0.0,0.0,1.5,0.0,0.5,0.5,1.0,,,,,,,0.0,0.0,0.0
Mario Hezonja,POR,25.0,0.9,1.8,0.512,0.2,0.3,0.5,0.1,0.2,0.364,0.1,0.2,0.4,0.1,0.5,0.24,0.3,0.8,0.41,0.0,0.1,0.0,0.0,0.0,0.0,0.0,0.0,0.0
Markelle Fultz,ORL,21.0,2.9,4.8,0.605,0.4,1.0,0.403,0.6,1.5,0.417,0.6,1.2,0.5,0.2,0.9,0.203,0.3,1.0,0.281,0.0,0.0,0.0,0.0,0.0,0.0,0.0,0.1,0.0
Markieff Morris,LAL,30.0,1.3,2.2,0.6,0.3,0.7,0.441,0.3,0.8,0.317,0.2,0.5,0.478,0.6,1.7,0.368,0.9,2.3,0.4,0.0,0.1,0.5,0.0,0.0,0.0,0.0,0.1,0.0
Marko Guduric,MEM,25.0,0.6,1.0,0.605,0.1,0.3,0.333,0.0,0.1,0.2,0.1,0.2,0.556,0.4,1.0,0.368,0.3,1.1,0.234,0.0,0.0,0.0,0.0,0.0,0.0,0.0,0.0,0.0
Marques Bolden,CLE,22.0,0.0,0.0,0.0,0.0,0.0,0.0,0.0,0.0,0.0,0.0,0.0,0.0,,,,0.0,0.0,0.0,0.0,0.0,0.0,,,,,,
Marquese Chriss,GSW,22.0,2.9,4.6,0.635,0.3,0.8,0.404,0.1,0.2,0.3,0.1,0.2,0.357,0.1,0.2,0.333,0.1,0.5,0.2,0.0,0.0,0.0,0.0,0.0,0.0,0.0,0.0,0.0
Marvin Bagley III,SAC,21.0,4.2,6.8,0.618,0.7,2.5,0.281,0.2,0.6,0.25,0.5,0.9,0.583,0.1,0.6,0.125,0.3,1.4,0.222,0.0,0.0,0.0,0.0,0.0,0.0,0.0,0.0,0.0
Marvin Williams,MIL,33.0,0.7,0.9,0.787,0.3,0.7,0.405,0.1,0.3,0.333,0.0,0.0,0.0,0.5,1.4,0.38,0.5,1.4,0.351,0.0,0.0,0.0,0.0,0.1,0.0,0.0,0.0,0.0
Mason Plumlee,DEN,30.0,2.8,3.8,0.716,0.1,0.4,0.182,0.0,0.2,0.111,0.0,0.1,0.286,0.0,0.1,0.0,0.0,0.0,0.0,0.0,0.0,0.0,0.0,0.0,0.0,0.0,0.0,0.0
Matisse Thybulle,PHI,23.0,0.7,1.2,0.586,0.1,0.2,0.333,0.0,0.1,0.286,0.0,0.1,0.0,0.5,1.1,0.4,0.4,1.4,0.312,0.0,0.0,0.0,0.0,0.0,0.0,0.0,0.0,0.0
Matt Mooney,CLE,23.0,0.0,0.0,0.0,0.0,0.0,0.0,0.3,0.3,1.0,0.0,0.3,0.0,0.0,0.7,0.0,0.0,0.0,0.0,,,,,,,0.0,0.0,0.0
Matt Thomas,TOR,25.0,0.1,0.3,0.444,0.1,0.1,0.667,0.1,0.2,0.429,0.3,0.5,0.571,0.6,0.9,0.633,0.6,1.5,0.375,0.0,0.0,0.0,0.0,0.0,0.0,0.0,0.0,0.0
Matthew Dellavedova,CLE,29.0,0.3,0.6,0.471,0.2,0.5,0.433,0.2,0.3,0.611,0.0,0.0,1.0,0.1,0.5,0.222,0.3,1.1,0.238,0.0,0.1,0.0,0.0,0.0,0.0,0.0,0.0,0.0
Maurice Harkless,NYK,27.0,1.7,2.7,0.617,0.0,0.1,0.143,0.0,0.1,0.5,0.0,0.0,0.5,0.4,1.1,0.343,0.2,0.6,0.343,0.0,0.0,0.0,0.0,0.0,0.0,0.0,0.0,0.0
Max Strus,CHI,24.0,1.0,1.0,1.0,0.0,0.0,0.0,0.0,0.0,0.0,,,,0.0,0.0,0.0,0.0,0.5,0.0,,,,0.0,0.0,0.0,0.0,0.0,0.0
Maxi Kleber,DAL,28.0,1.4,2.2,0.642,0.1,0.2,0.4,0.1,0.2,0.333,0.0,0.0,0.333,0.8,2.2,0.368,0.8,2.2,0.382,0.0,0.0,0.0,0.0,0.0,0.0,0.0,0.0,0.0
Melvin Frazier Jr.,ORL,23.0,0.1,0.5,0.2,0.0,0.0,0.0,0.0,0.2,0.0,0.1,0.3,0.333,0.2,0.3,0.5,0.1,0.2,0.667,0.0,0.0,0.0,0.0,0.0,0.0,0.0,0.0,0.0
Meyers Leonard,MIA,28.0,1.1,1.4,0.797,0.1,0.4,0.333,0.0,0.2,0.167,0.0,0.1,0.4,0.3,0.7,0.457,0.7,1.7,0.417,0.0,0.0,0.0,0.0,0.0,0.0,0.0,0.0,0.0
Mfiondu Kabengele,LAC,22.0,0.5,0.7,0.625,0.0,0.2,0.0,0.0,0.1,0.0,0.0,0.1,0.0,0.5,0.6,0.833,0.3,1.2,0.286,0.0,0.0,0.0,,,,0.0,0.0,0.0
Michael Carter-Williams,ORL,28.0,1.5,2.7,0.548,0.4,0.9,0.417,0.2,0.4,0.438,0.0,0.1,0.0,0.2,0.9,0.222,0.3,0.8,0.364,0.0,0.0,0.0,0.0,0.0,0.0,0.0,0.0,0.0
Michael Frazier,HOU,26.0,0.3,0.4,0.667,0.0,0.0,0.0,0.0,0.0,0.0,0.0,0.0,0.0,0.3,0.7,0.5,0.0,0.5,0.0,0.0,0.0,0.0,0.0,0.0,0.0,0.0,0.0,0.0
Michael Kidd-Gilchrist,DAL,26.0,0.4,0.8,0.529,0.2,0.7,0.286,0.0,0.1,0.333,0.0,0.1,0.0,0.2,0.7,0.286,0.1,0.6,0.091,0.0,0.0,0.0,0.0,0.0,0.0,0.0,0.0,0.0
Michael Porter Jr.,DEN,21.0,1.5,2.5,0.613,0.1,0.4,0.412,0.0,0.2,0.2,0.2,0.5,0.44,0.6,1.2,0.482,0.4,1.2,0.375,0.0,0.0,0.0,0.0,0.1,0.0,0.0,0.0,0.0
Mikal Bridges,PHX,23.0,2.0,2.8,0.709,0.2,0.4,0.379,0.1,0.4,0.391,0.1,0.2,0.4,0.5,1.4,0.376,0.4,1.1,0.343,0.0,0.0,0.0,0.0,0.0,0.0,0.0,0.0,0.0
Mike Conley,UTA,32.0,1.2,2.3,0.548,0.6,1.8,0.347,0.5,1.5,0.349,0.3,0.7,0.367,1.1,2.5,0.433,1.0,2.8,0.351,0.0,0.1,0.333,0.0,0.1,0.0,0.0,0.1,0.333
Mike Muscala,OKC,28.0,0.4,0.7,0.615,0.0,0.0,0.0,0.0,0.2,0.0,0.1,0.1,0.8,0.3,0.8,0.387,0.8,2.3,0.36,0.0,0.1,0.0,0.0,0.0,0.0,0.0,0.0,0.0
Mike Scott,PHI,31.0,0.6,1.1,0.529,0.1,0.2,0.6,0.1,0.3,0.375,0.0,0.2,0.273,0.4,1.1,0.333,0.8,2.1,0.386,0.0,0.0,0.0,0.0,0.0,0.0,0.0,0.0,0.0
Miles Bridges,CHA,22.0,2.6,4.7,0.555,0.5,1.4,0.323,0.2,0.6,0.306,0.1,0.1,0.556,0.8,2.2,0.349,0.8,2.4,0.329,0.0,0.0,0.0,0.0,0.0,0.0,0.0,0.1,0.0
Mitchell Robinson,NYK,22.0,4.1,5.5,0.744,0.0,0.1,0.75,0.0,0.0,0.0,0.0,0.0,0.0,0.0,0.0,0.0,0.0,0.0,0.0,0.0,0.0,0.0,0.0,0.0,0.0,0.0,0.0,0.0
Miye Oni,UTA,22.0,0.0,0.0,0.0,0.0,0.0,0.0,0.0,0.0,0.0,0.0,0.3,0.0,0.0,0.5,0.0,0.0,0.0,0.0,,,,0.0,0.0,0.0,0.0,0.0,0.0
Mo Bamba,ORL,22.0,1.4,2.2,0.617,0.1,0.3,0.211,0.1,0.1,0.6,0.1,0.2,0.231,0.2,0.6,0.297,0.5,1.3,0.387,0.0,0.0,0.0,0.0,0.0,0.0,0.0,0.0,0.0
Monte Morris,DEN,24.0,1.2,1.9,0.623,0.4,1.0,0.359,0.4,1.1,0.348,0.6,1.1,0.514,0.7,1.6,0.423,0.3,0.8,0.352,0.0,0.0,0.0,0.0,0.1,0.0,0.0,0.0,0.0
Montrezl Harrell,LAC,26.0,6.5,10.0,0.656,0.7,1.9,0.402,0.2,0.5,0.323,0.0,0.2,0.133,0.0,0.1,0.25,0.0,0.2,0.0,0.0,0.0,0.0,0.0,0.0,0.0,0.0,0.1,0.0
Moritz Wagner,WAS,23.0,2.7,3.8,0.714,0.2,0.5,0.412,0.0,0.1,0.5,0.0,0.1,0.0,0.2,0.5,0.421,0.4,1.3,0.313,0.0,0.0,0.0,0.0,0.0,0.0,0.0,0.0,0.0
Moses Brown,POR,20.0,0.4,1.3,0.333,0.2,0.2,1.0,0.0,0.0,0.0,0.0,0.0,0.0,0.0,0.0,0.0,0.0,0.0,0.0,0.0,0.0,0.0,,,,0.0,0.0,0.0
Mychal Mulder,GSW,25.0,0.9,1.3,0.667,0.3,0.4,0.667,0.0,0.1,0.0,0.1,0.1,1.0,1.4,2.7,0.526,1.0,4.9,0.206,0.0,0.0,0.0,0.0,0.0,0.0,0.0,0.0,0.0
Myles Turner,IND,24.0,1.7,2.6,0.655,0.4,0.8,0.477,0.5,0.9,0.583,0.2,0.7,0.306,0.5,1.4,0.321,1.0,3.1,0.327,0.0,0.0,0.0,0.0,0.0,0.0,0.0,0.0,0.0
Nassir Little,POR,20.0,1.0,1.7,0.59,0.1,0.1,0.667,0.0,0.1,0.2,0.0,0.0,0.0,0.1,0.8,0.139,0.2,0.5,0.375,0.0,0.0,0.0,0.0,0.0,0.0,0.0,0.0,0.0
Naz Mitrou-Long,IND,26.0,0.3,0.3,1.0,0.0,0.3,0.0,1.0,1.0,1.0,0.0,0.0,0.0,0.3,1.3,0.25,0.3,2.0,0.167,0.0,0.0,0.0,,,,0.0,0.3,0.0
Naz Reid,MIN,20.0,2.0,3.7,0.542,0.3,1.3,0.273,0.0,0.2,0.167,0.0,0.0,0.0,0.4,1.2,0.333,0.7,2.1,0.328,0.0,0.0,0.0,0.0,0.0,0.0,0.0,0.0,0.0
Nemanja Bjelica,SAC,32.0,1.8,3.2,0.561,0.5,1.1,0.5,0.1,0.3,0.353,0.1,0.2,0.333,0.7,1.2,0.551,1.3,3.4,0.372,0.1,0.2,0.556,0.0,0.0,0.0,0.0,0.0,0.0
Nerlens Noel,OKC,26.0,2.6,3.1,0.829,0.3,0.6,0.576,0.1,0.5,0.2,0.1,0.4,0.333,0.0,0.1,0.5,0.0,0.0,0.0,0.0,0.0,0.0,0.0,0.0,0.0,0.0,0.0,0.0
Nickeil Alexander-Walker,NOP,21.0,0.6,1.6,0.373,0.2,0.6,0.292,0.1,0.2,0.333,0.0,0.2,0.111,0.3,0.9,0.382,0.7,2.0,0.364,0.0,0.1,0.0,0.0,0.2,0.0,0.0,0.2,0.0
Nicolas Batum,CHA,31.0,0.5,0.8,0.611,0.0,0.0,1.0,0.0,0.1,0.333,0.0,0.4,0.125,0.3,1.1,0.24,0.4,1.2,0.308,0.0,0.0,0.0,0.0,0.0,0.0,0.0,0.0,0.0
Nicolas Claxton,BKN,21.0,1.5,2.1,0.742,0.1,0.6,0.25,0.1,0.1,1.0,0.0,0.1,0.0,0.1,0.3,0.2,0.0,0.1,0.0,0.0,0.0,0.0,0.0,0.0,0.0,0.0,0.0,0.0
Nicolo Melli,NOP,29.0,0.7,1.0,0.654,0.2,0.3,0.563,0.1,0.3,0.467,0.1,0.2,0.6,0.5,1.3,0.353,0.8,2.1,0.369,0.1,0.1,0.667,0.0,0.1,0.0,0.0,0.0,0.0
Nigel Williams-Goss,UTA,25.0,0.0,0.1,0.0,0.1,0.3,0.5,0.0,0.2,0.0,0.0,0.0,0.0,0.0,0.5,0.0,0.0,0.0,0.0,,,,,,,0.0,0.0,0.0
Nikola Jokic,DEN,25.0,3.6,5.2,0.682,1.5,2.5,0.609,0.9,1.8,0.491,0.8,1.6,0.458,0.5,1.3,0.379,0.7,2.4,0.28,0.0,0.0,0.0,0.0,0.0,0.0,0.0,0.0,0.0
Nikola Vucevic,ORL,29.0,3.5,5.6,0.625,1.5,3.2,0.474,0.6,1.7,0.38,0.6,1.3,0.464,0.5,1.2,0.403,1.1,3.8,0.3,0.0,0.0,0.0,0.0,0.0,0.0,0.0,0.0,0.0
Noah Vonleh,DEN,24.0,1.3,1.9,0.672,0.3,0.5,0.533,0.0,0.0,0.0,0.0,0.0,0.0,0.1,0.1,0.5,0.0,0.4,0.091,0.0,0.0,0.0,0.0,0.0,0.0,0.0,0.0,0.0
Norman Powell,TOR,27.0,3.2,4.8,0.656,0.2,0.7,0.333,0.1,0.3,0.333,0.2,0.4,0.438,1.1,2.5,0.443,1.2,3.0,0.389,0.0,0.0,0.0,0.0,0.1,0.0,0.0,0.1,0.0
Norvel Pelle,PHI,27.0,0.9,1.6,0.581,0.0,0.2,0.0,0.0,0.1,0.0,0.0,0.0,0.0,0.0,0.0,0.0,0.0,0.0,0.0,0.0,0.0,0.0,0.0,0.0,0.0,0.0,0.0,0.0
OG Anunoby,TOR,22.0,2.8,4.4,0.632,0.0,0.3,0.188,0.0,0.1,0.125,0.0,0.1,0.75,0.9,2.2,0.388,0.4,1.3,0.354,0.0,0.0,1.0,0.0,0.0,0.0,0.0,0.0,0.0
Omari Spellman,MIN,22.0,1.1,2.1,0.524,0.1,0.4,0.278,0.1,0.3,0.467,0.3,0.8,0.361,0.4,0.9,0.429,0.6,1.6,0.377,0.0,0.0,0.0,0.0,0.1,0.0,0.0,0.0,0.0
Oshae Brissett,TOR,21.0,0.5,0.9,0.556,0.0,0.1,0.0,0.0,0.1,0.0,0.0,0.0,0.0,0.1,0.5,0.222,0.1,0.4,0.167,0.0,0.0,0.0,0.0,0.0,0.0,0.0,0.0,0.0
Otto Porter Jr.,CHI,26.0,1.1,2.2,0.484,0.9,1.4,0.684,0.3,0.8,0.364,0.1,0.8,0.182,1.0,2.4,0.424,1.0,2.4,0.412,0.0,0.0,0.0,0.0,0.0,0.0,0.0,0.1,0.0
P.J. Tucker,HOU,35.0,0.7,1.1,0.634,0.1,0.3,0.429,0.1,0.2,0.5,0.0,0.0,0.0,1.3,3.4,0.392,0.3,0.8,0.32,0.0,0.0,0.0,0.0,0.0,0.0,0.0,0.0,0.0
P.J. Washington,CHA,21.0,2.4,4.3,0.564,0.6,1.5,0.398,0.0,0.2,0.154,0.0,0.1,0.5,0.7,1.5,0.443,0.8,2.5,0.336,0.0,0.0,0.0,0.0,0.0,0.0,0.0,0.0,0.0
PJ Dozier,DEN,23.0,0.8,1.5,0.536,0.2,0.6,0.273,0.2,0.7,0.333,0.3,0.5,0.667,0.1,0.6,0.154,0.3,0.8,0.4,0.0,0.0,0.0,0.0,0.0,0.0,0.0,0.3,0.0
Pascal Siakam,TOR,26.0,4.6,7.5,0.623,0.9,2.4,0.367,0.4,1.3,0.313,0.5,1.2,0.397,0.9,2.7,0.348,1.3,3.8,0.348,0.0,0.1,0.2,0.0,0.0,0.0,0.0,0.0,0.0
Pat Connaughton,MIL,27.0,1.2,1.8,0.685,0.0,0.1,0.143,0.0,0.1,0.0,0.0,0.1,0.0,0.1,0.4,0.28,0.6,1.8,0.327,0.0,0.1,0.5,0.0,0.0,0.0,0.0,0.0,0.0
Patrick Beverley,LAC,31.0,0.9,1.5,0.583,0.4,0.8,0.459,0.1,0.3,0.286,0.0,0.1,0.333,0.8,1.9,0.4,0.8,2.3,0.361,0.0,0.0,0.0,0.0,0.1,0.0,0.0,0.0,0.0
Patrick McCaw,TOR,24.0,0.9,1.8,0.54,0.1,0.3,0.182,0.1,0.3,0.4,0.0,0.0,0.0,0.5,1.3,0.408,0.2,0.8,0.259,0.0,0.0,0.0,0.0,0.0,0.0,0.0,0.0,0.0
Patrick Patterson,LAC,31.0,0.3,0.5,0.6,0.0,0.2,0.143,0.1,0.1,0.5,0.0,0.1,0.0,0.7,1.6,0.4,0.5,1.3,0.379,0.0,0.0,0.0,0.0,0.0,0.0,0.0,0.0,0.0
Patty Mills,SAS,31.0,0.9,1.4,0.651,0.0,0.1,0.429,0.1,0.3,0.421,0.4,0.8,0.434,1.0,2.6,0.405,1.4,3.9,0.371,0.0,0.0,0.0,0.0,0.0,0.0,0.0,0.1,0.0
Paul George,LAC,30.0,1.8,2.9,0.607,0.5,1.3,0.389,0.5,1.4,0.383,0.9,2.0,0.419,1.3,2.7,0.491,1.9,5.5,0.348,0.0,0.2,0.2,0.0,0.0,0.0,0.0,0.1,0.0
Paul Millsap,DEN,35.0,2.3,3.8,0.596,0.4,1.4,0.311,0.4,0.8,0.5,0.1,0.3,0.2,0.5,1.2,0.434,0.6,1.3,0.474,0.0,0.0,0.0,0.0,0.1,0.0,0.0,0.0,0.0
Paul Watson,TOR,25.0,0.0,0.2,0.0,0.0,0.4,0.0,0.0,0.0,0.0,0.0,0.0,0.0,0.0,0.6,0.0,0.0,0.5,0.0,0.0,0.0,0.0,,,,0.0,0.0,0.0
Quinn Cook,LAL,27.0,0.6,1.1,0.575,0.2,0.5,0.353,0.2,0.4,0.538,0.4,0.9,0.419,0.4,0.9,0.433,0.4,1.1,0.341,0.0,0.0,0.0,0.0,0.0,0.0,0.0,0.0,0.0
Quinndary Weatherspoon,SAS,23.0,0.0,0.0,0.0,0.0,0.0,0.0,0.0,0.5,0.0,0.0,0.0,0.0,0.0,0.5,0.0,0.0,0.5,0.0,,,,,,,0.0,0.0,0.0
RJ Barrett,NYK,19.0,3.2,6.3,0.509,0.4,1.4,0.284,0.2,0.6,0.278,0.3,1.0,0.315,0.6,1.7,0.33,0.6,1.9,0.296,0.0,0.0,0.0,0.0,0.0,0.0,0.0,0.0,0.0
Rajon Rondo,LAL,34.0,1.5,2.8,0.537,0.1,0.5,0.273,0.1,0.3,0.438,0.2,0.5,0.333,0.3,0.9,0.31,0.6,1.8,0.352,0.0,0.1,0.0,0.0,0.0,0.0,0.0,0.0,0.0
Raul Neto,PHI,28.0,0.8,1.4,0.554,0.1,0.3,0.4,0.1,0.3,0.231,0.1,0.2,0.556,0.2,0.5,0.375,0.4,1.0,0.426,0.0,0.0,0.0,0.0,0.0,0.0,0.0,0.1,0.0
Rayjon Tucker,UTA,22.0,0.4,0.5,0.833,0.1,0.4,0.4,0.1,0.1,0.5,0.0,0.0,0.0,0.0,0.2,0.0,0.0,0.2,0.0,0.0,0.0,0.0,0.0,0.0,0.0,0.0,0.0,0.0
Reggie Bullock,NYK,29.0,0.9,1.3,0.641,0.1,0.4,0.231,0.1,0.4,0.25,0.5,1.3,0.389,0.9,2.2,0.391,0.7,2.0,0.339,0.0,0.1,0.0,0.0,0.0,0.0,0.0,0.0,0.0
Reggie Jackson,LAC,30.0,1.4,2.7,0.524,0.8,1.8,0.429,0.3,1.1,0.269,0.2,0.5,0.364,0.4,1.3,0.345,1.4,3.6,0.402,0.1,0.3,0.5,0.0,0.0,0.0,0.0,0.0,0.0
Richaun Holmes,SAC,26.0,4.1,5.5,0.738,0.6,1.5,0.407,0.6,0.9,0.611,0.2,0.3,0.545,0.0,0.0,0.0,0.0,0.0,0.0,0.0,0.0,0.0,0.0,0.0,0.0,0.0,0.0,0.0
Ricky Rubio,PHX,29.0,1.5,3.2,0.483,0.3,1.0,0.286,0.6,1.3,0.514,0.6,1.5,0.435,0.7,2.0,0.353,0.6,1.8,0.337,0.0,0.0,0.0,0.0,0.0,0.0,0.0,0.0,0.0
Robert Covington,HOU,29.0,1.7,2.7,0.615,0.3,0.5,0.563,0.0,0.1,0.429,0.1,0.2,0.4,0.6,1.7,0.327,1.8,5.0,0.365,0.1,0.3,0.364,0.0,0.0,0.0,0.0,0.1,0.0
Robert Williams III,BOS,22.0,1.7,2.3,0.717,0.1,0.3,0.5,0.0,0.0,0.0,0.0,0.1,0.333,0.0,0.0,0.0,0.0,0.0,0.0,0.0,0.0,0.0,0.0,0.0,0.0,0.0,0.0,0.0
Robin Lopez,MIL,32.0,1.0,1.7,0.626,0.6,1.1,0.5,0.1,0.2,0.7,0.0,0.0,1.0,0.4,0.9,0.396,0.2,0.7,0.295,0.0,0.0,0.0,0.0,0.0,0.0,0.0,0.0,0.0
Rodions Kurucs,BKN,22.0,0.9,1.6,0.556,0.0,0.1,0.0,0.0,0.0,0.0,0.0,0.0,0.0,0.3,0.8,0.387,0.3,0.9,0.371,0.0,0.0,0.0,0.0,0.0,0.0,0.0,0.0,0.0
Rodney Hood,POR,27.0,0.9,1.1,0.783,0.3,1.1,0.261,0.6,1.5,0.419,0.6,0.9,0.632,1.2,2.2,0.565,0.5,1.4,0.379,0.1,0.1,1.0,0.0,0.0,0.0,0.0,0.0,0.0
Rodney McGruder,LAC,28.0,0.4,0.8,0.538,0.3,0.6,0.5,0.1,0.2,0.444,0.0,0.0,0.0,0.3,1.1,0.255,0.2,0.5,0.333,0.0,0.0,0.0,0.0,0.0,0.0,0.0,0.0,0.0
Romeo Langford,BOS,20.0,0.6,1.2,0.5,0.1,0.3,0.286,0.0,0.0,0.0,0.1,0.1,0.667,0.1,0.5,0.231,0.1,0.3,0.222,0.0,0.0,0.0,0.0,0.0,0.0,0.0,0.1,0.0
Rondae Hollis-Jefferson,TOR,25.0,2.3,4.6,0.511,0.1,0.3,0.353,0.2,0.4,0.5,0.0,0.1,0.167,0.0,0.3,0.154,0.0,0.1,0.0,0.0,0.0,0.0,0.0,0.0,0.0,0.0,0.0,0.0
Royce O'Neale,UTA,26.0,0.8,1.4,0.568,0.1,0.2,0.429,0.0,0.0,0.0,0.0,0.0,0.333,0.7,1.6,0.442,0.6,1.6,0.373,0.0,0.0,0.0,0.0,0.0,0.0,0.0,0.1,0.0
Rudy Gay,SAS,33.0,1.1,1.7,0.641,0.4,1.0,0.426,0.7,1.5,0.466,0.4,0.9,0.49,0.6,1.7,0.354,0.5,1.6,0.286,0.0,0.0,0.0,0.1,0.1,1.0,0.0,0.0,0.0
Rudy Gobert,UTA,27.0,5.5,7.6,0.725,0.2,0.5,0.333,0.0,0.0,0.0,0.0,0.0,0.0,0.0,0.0,0.0,0.0,0.0,0.0,0.0,0.0,0.0,0.0,0.0,0.0,0.0,0.0,0.0
Rui Hachimura,WAS,22.0,3.2,5.1,0.63,0.3,1.0,0.326,0.6,1.5,0.41,0.6,1.4,0.424,0.3,1.1,0.289,0.2,0.9,0.27,0.0,0.0,0.0,0.0,0.0,0.0,0.0,0.1,0.0
Russell Westbrook,HOU,31.0,6.6,11.0,0.602,0.5,1.5,0.329,1.0,2.5,0.391,1.4,3.3,0.422,0.5,1.8,0.296,0.7,2.4,0.271,0.0,0.0,0.0,0.0,0.0,0.0,0.0,0.0,1.0
Ryan Anderson,HOU,32.0,0.0,0.5,0.0,0.0,0.0,0.0,0.5,0.5,1.0,0.0,0.0,0.0,0.0,0.5,0.0,0.5,2.0,0.25,,,,,,,0.0,0.0,0.0
Ryan Arcidiacono,CHI,26.0,0.4,0.7,0.553,0.1,0.3,0.353,0.1,0.4,0.333,0.0,0.1,0.4,0.5,1.1,0.469,0.4,1.2,0.324,0.0,0.1,0.25,0.0,0.0,0.0,0.0,0.0,0.0
Ryan Broekhoff,DAL,29.0,0.1,0.2,0.25,0.1,0.1,0.5,0.0,0.1,0.0,0.0,0.0,0.0,0.7,1.5,0.478,0.5,1.6,0.321,0.0,0.0,0.0,0.0,0.0,0.0,0.0,0.0,0.0
Sekou Doumbouya,DET,19.0,1.5,2.8,0.533,0.1,0.5,0.211,0.1,0.2,0.333,0.1,0.2,0.333,0.3,1.3,0.25,0.4,1.4,0.308,0.0,0.0,0.0,0.0,0.0,0.0,0.0,0.0,0.0
Semi Ojeleye,BOS,25.0,0.3,0.6,0.487,0.1,0.2,0.444,0.0,0.1,0.0,0.1,0.1,0.8,0.4,1.0,0.393,0.3,0.8,0.34,0.0,0.0,0.0,0.0,0.0,0.0,0.0,0.0,0.0
Serge Ibaka,TOR,30.0,2.9,4.2,0.699,1.0,2.1,0.467,0.6,1.2,0.5,0.5,1.3,0.379,0.4,1.1,0.357,1.1,2.5,0.417,0.0,0.0,0.0,0.0,0.0,0.0,0.0,0.0,0.0
Seth Curry,DAL,29.0,0.8,1.2,0.676,0.3,0.8,0.396,0.4,0.8,0.522,0.5,0.8,0.6,1.1,2.1,0.516,1.4,3.3,0.433,0.0,0.1,0.2,0.0,0.0,0.0,0.0,0.0,0.0
Shabazz Napier,WAS,28.0,1.4,2.1,0.651,0.1,0.4,0.167,0.2,0.5,0.286,0.3,0.6,0.419,0.4,1.3,0.279,1.1,3.1,0.363,0.0,0.0,0.0,0.0,0.0,0.0,0.0,0.0,0.0
Shai Gilgeous-Alexander,OKC,21.0,3.4,6.0,0.562,0.9,2.2,0.386,0.8,1.7,0.467,0.7,1.1,0.586,0.5,1.4,0.352,0.8,2.4,0.351,0.0,0.0,0.0,0.0,0.0,0.0,0.0,0.0,0.0
Shake Milton,PHI,23.0,1.4,2.1,0.672,0.2,0.7,0.333,0.3,0.6,0.444,0.0,0.2,0.167,0.4,1.1,0.394,1.1,2.4,0.479,0.1,0.1,0.5,0.0,0.0,0.0,0.0,0.0,0.0
Shamorie Ponds,TOR,21.0,0.5,0.8,0.667,0.0,0.0,0.0,0.0,0.0,0.0,0.0,0.0,0.0,0.0,0.0,0.0,0.5,1.0,0.5,0.0,0.0,0.0,,,,,,
Shaquille Harrison,CHI,26.0,1.2,2.3,0.515,0.2,0.4,0.438,0.1,0.2,0.571,0.0,0.1,0.0,0.3,0.7,0.444,0.1,0.3,0.308,0.0,0.0,0.0,0.0,0.0,0.0,0.0,0.1,0.0
Skal Labissiere,ATL,24.0,1.3,2.0,0.627,0.4,0.9,0.483,0.4,0.6,0.65,0.3,0.5,0.5,0.0,0.1,0.0,0.1,0.3,0.3,0.0,0.0,0.0,0.0,0.0,0.0,0.0,0.0,0.0
Solomon Hill,MIA,29.0,0.5,1.0,0.462,0.1,0.3,0.353,0.1,0.2,0.375,0.1,0.2,0.4,0.6,1.3,0.478,0.5,1.7,0.319,0.0,0.0,1.0,0.0,0.0,0.0,0.0,0.0,0.0
Spencer Dinwiddie,BKN,27.0,3.6,6.4,0.566,0.6,1.6,0.392,0.2,1.0,0.209,0.2,0.5,0.387,0.6,2.2,0.286,1.3,4.0,0.324,0.0,0.2,0.222,0.0,0.1,0.5,0.0,0.1,0.0
Stanley Johnson,TOR,23.0,0.3,0.6,0.455,0.0,0.1,0.0,0.0,0.1,0.0,0.0,0.1,0.0,0.1,0.4,0.125,0.1,0.4,0.286,0.0,0.0,0.0,0.0,0.0,0.0,0.0,0.0,0.0
Stanton Kidd,UTA,28.0,0.0,0.0,0.0,0.0,0.7,0.0,0.0,0.0,0.0,0.0,0.0,0.0,0.0,0.5,0.0,0.0,0.0,0.0,,,,,,,,,
Stephen Curry,GSW,32.0,2.4,3.8,0.632,0.4,0.6,0.667,0.2,0.2,1.0,0.4,0.8,0.5,1.2,3.2,0.375,1.4,6.0,0.233,0.6,1.4,0.429,0.0,2.0,0.0,0.0,0.0,0.0
Sterling Brown,MIL,25.0,0.7,1.5,0.493,0.1,0.3,0.364,0.1,0.2,0.5,0.0,0.3,0.154,0.4,1.3,0.333,0.4,1.4,0.295,0.0,0.1,0.0,0.0,0.0,0.0,0.0,0.0,0.0
Steven Adams,OKC,26.0,3.4,5.1,0.666,0.8,2.0,0.412,0.3,0.5,0.581,0.0,0.0,0.5,0.0,0.0,0.0,0.0,0.0,0.0,0.0,0.0,0.0,0.0,0.0,0.0,0.0,0.0,0.5
Svi Mykhailiuk,DET,22.0,0.8,1.6,0.495,0.0,0.3,0.118,0.0,0.1,0.333,0.0,0.1,0.0,0.7,1.8,0.4,1.4,3.2,0.427,0.0,0.2,0.0,0.0,0.1,0.0,0.0,0.1,0.333
T.J. McConnell,IND,28.0,1.4,2.3,0.627,0.5,1.0,0.525,0.7,1.4,0.456,0.3,0.8,0.36,0.1,0.2,0.364,0.0,0.1,0.5,0.0,0.0,0.0,0.0,0.0,0.0,0.0,0.0,0.0
T.J. Warren,IND,26.0,3.3,4.6,0.712,0.8,1.8,0.446,1.3,2.7,0.497,0.9,1.9,0.474,0.8,1.8,0.418,0.4,1.4,0.318,0.0,0.0,0.5,0.0,0.0,0.0,0.0,0.0,0.0
TJ Leaf,IND,23.0,0.8,1.5,0.553,0.1,0.4,0.273,0.0,0.2,0.25,0.0,0.1,0.0,0.1,0.3,0.333,0.1,0.3,0.375,0.0,0.0,0.0,0.0,0.0,0.0,0.0,0.0,0.0
Tacko Fall,BOS,24.0,1.4,1.8,0.778,0.4,0.6,0.667,0.0,0.0,0.0,0.0,0.0,0.0,0.0,0.0,0.0,0.0,0.0,0.0,0.0,0.0,0.0,0.0,0.0,0.0,0.0,0.0,0.0
Taj Gibson,NYK,34.0,2.0,2.9,0.676,0.2,0.4,0.455,0.1,0.3,0.471,0.3,0.7,0.405,0.1,0.3,0.381,0.0,0.0,0.5,0.0,0.0,0.0,0.0,0.0,0.0,0.0,0.0,0.0
Talen Horton-Tucker,LAL,19.0,0.0,0.0,0.0,0.0,0.0,0.0,0.0,0.0,0.0,0.0,0.0,0.0,0.0,0.0,0.0,0.0,0.5,0.0,,,,,,,0.0,0.0,0.0
Tariq Owens,PHX,24.0,0.3,0.7,0.5,0.0,0.0,0.0,0.0,0.0,0.0,0.0,0.3,0.0,0.0,0.3,0.0,0.0,0.3,0.0,,,,,,,0.0,0.0,0.0
Taurean Prince,BKN,26.0,1.3,2.7,0.497,0.3,0.8,0.314,0.2,0.7,0.333,0.2,0.5,0.4,1.1,3.2,0.343,1.2,3.5,0.341,0.0,0.0,0.0,0.0,0.0,0.0,0.0,0.1,0.0
Terance Mann,LAC,23.0,0.5,0.9,0.6,0.1,0.3,0.333,0.1,0.3,0.222,0.0,0.1,0.0,0.1,0.4,0.2,0.0,0.1,0.5,0.0,0.0,0.0,0.0,0.0,0.0,0.0,0.0,0.0
Terence Davis,TOR,23.0,1.4,2.2,0.638,0.0,0.2,0.231,0.0,0.2,0.2,0.0,0.1,0.0,0.6,1.4,0.44,0.8,2.1,0.365,0.0,0.1,0.5,0.0,0.0,0.0,0.0,0.0,0.0
Terrance Ferguson,OKC,22.0,0.4,0.6,0.645,0.0,0.0,0.0,0.0,0.0,1.0,0.1,0.2,0.625,0.6,1.7,0.333,0.4,1.5,0.274,0.0,0.0,0.0,0.0,0.0,0.0,0.0,0.0,0.0
Terrence Ross,ORL,29.0,0.9,1.4,0.637,0.2,0.5,0.438,0.4,0.9,0.424,0.7,1.7,0.404,0.9,2.4,0.38,1.9,5.3,0.355,0.1,0.1,0.667,0.0,0.0,0.0,0.0,0.1,0.0
Terry Rozier,CHA,26.0,2.1,4.1,0.506,0.5,1.4,0.349,0.5,1.4,0.395,0.3,0.9,0.37,1.2,2.8,0.434,1.7,4.3,0.387,0.0,0.1,0.0,0.0,0.1,0.0,0.0,0.0,0.0
Thabo Sefolosha,HOU,36.0,0.5,0.6,0.8,0.0,0.1,0.0,0.0,0.1,0.333,0.0,0.1,0.2,0.3,0.7,0.393,0.1,0.6,0.154,0.0,0.0,0.0,0.0,0.0,0.0,0.0,0.0,0.0
Thaddeus Young,CHI,31.0,2.2,4.0,0.556,0.6,1.4,0.411,0.1,0.2,0.308,0.1,0.2,0.4,0.7,1.9,0.371,0.5,1.6,0.33,0.0,0.0,0.0,0.0,0.0,0.0,0.0,0.0,0.0
Thanasis Antetokounmpo,MIL,27.0,1.1,1.6,0.654,0.0,0.1,0.0,0.1,0.1,1.0,0.0,0.0,0.0,0.0,0.3,0.0,0.0,0.1,0.0,0.0,0.0,0.0,0.0,0.0,0.0,0.0,0.0,0.0
Theo Pinson,BKN,24.0,0.8,1.9,0.419,0.1,0.2,0.333,0.0,0.1,0.0,0.1,0.1,0.667,0.2,0.5,0.294,0.3,1.7,0.182,0.0,0.1,0.0,0.0,0.4,0.0,0.0,0.1,0.0
Thomas Bryant,WAS,22.0,3.1,4.1,0.768,0.3,0.6,0.478,0.2,0.6,0.391,0.6,1.2,0.467,0.2,0.5,0.368,0.4,1.1,0.405,0.0,0.0,0.0,0.0,0.0,0.0,0.0,0.0,0.0
Thon Maker,DET,23.0,0.8,1.3,0.625,0.2,0.5,0.444,0.1,0.2,0.444,0.1,0.2,0.333,0.2,0.5,0.344,0.2,0.5,0.375,0.0,0.0,0.0,0.0,0.0,0.0,0.0,0.0,0.0
Tim Frazier,DET,29.0,0.4,0.8,0.5,0.2,0.5,0.333,0.1,0.4,0.3,0.2,0.5,0.385,0.2,0.6,0.333,0.2,0.8,0.273,0.0,0.0,0.0,0.0,0.0,0.0,0.0,0.0,0.0
Tim Hardaway Jr.,DAL,28.0,1.2,2.1,0.556,0.3,0.9,0.339,0.4,0.8,0.471,0.6,1.2,0.455,1.2,2.9,0.429,1.8,4.5,0.402,0.0,0.1,0.25,0.0,0.0,0.0,0.0,0.0,0.0
Timothe Luwawu-Cabarrot,BKN,25.0,0.9,1.8,0.493,0.1,0.1,0.4,0.0,0.1,0.25,0.0,0.0,1.0,0.7,1.8,0.382,0.4,1.2,0.318,0.0,0.0,0.0,0.0,0.0,0.0,0.0,0.0,0.0
Tobias Harris,PHI,27.0,2.9,4.7,0.623,1.2,2.4,0.5,1.0,2.1,0.47,0.6,1.7,0.37,0.7,1.8,0.376,1.2,3.5,0.351,0.0,0.0,0.0,0.0,0.0,0.0,0.0,0.0,0.0
Tomas Satoransky,CHI,28.0,1.6,3.1,0.525,0.6,1.2,0.48,0.4,0.8,0.481,0.1,0.3,0.333,0.4,1.4,0.33,0.5,1.8,0.307,0.0,0.0,0.0,0.0,0.0,0.0,0.0,0.0,0.0
Tony Bradley,UTA,22.0,1.8,2.6,0.7,0.2,0.4,0.476,0.0,0.0,0.5,0.0,0.0,0.0,0.0,0.0,0.0,0.0,0.0,1.0,0.0,0.0,0.0,0.0,0.0,0.0,0.0,0.0,0.0
Tony Snell,DET,28.0,0.6,1.0,0.667,0.2,0.5,0.407,0.1,0.3,0.316,0.1,0.3,0.471,0.9,2.3,0.421,0.8,2.2,0.394,0.0,0.0,1.0,0.0,0.0,0.0,0.0,0.0,0.0
Torrey Craig,DEN,29.0,1.1,1.6,0.714,0.0,0.2,0.111,0.0,0.1,0.167,0.0,0.1,0.5,0.3,1.3,0.266,0.4,0.9,0.435,0.0,0.0,0.0,0.0,0.0,0.0,0.0,0.0,0.0
Trae Young,ATL,21.0,2.8,4.9,0.573,1.0,2.4,0.434,1.2,2.7,0.451,0.5,1.0,0.5,0.4,0.9,0.426,2.5,7.2,0.351,0.5,1.4,0.333,0.3,0.6,0.435,0.0,0.0,1.0
Tremont Waters,BOS,22.0,0.7,1.2,0.545,0.1,0.2,0.5,0.0,0.2,0.0,0.1,0.3,0.5,0.1,0.3,0.333,0.3,1.3,0.231,0.0,0.5,0.0,0.0,0.0,0.0,0.0,0.0,0.0
Treveon Graham,ATL,26.0,0.7,1.4,0.468,0.2,0.6,0.382,0.1,0.1,0.571,0.0,0.0,0.0,0.3,1.0,0.273,0.3,1.2,0.277,0.0,0.0,0.0,0.0,0.0,0.0,0.0,0.0,0.0
Trevor Ariza,POR,34.0,1.2,1.8,0.629,0.1,0.2,0.364,0.0,0.1,0.0,0.0,0.1,0.0,0.9,2.4,0.391,0.5,1.5,0.338,0.0,0.0,0.0,0.0,0.1,0.0,0.0,0.0,0.0
Trey Burke,PHI,27.0,1.0,1.8,0.558,0.0,0.2,0.25,0.3,0.5,0.545,0.4,1.1,0.407,0.2,0.4,0.5,0.5,1.2,0.387,0.0,0.0,0.0,0.0,0.0,0.0,0.0,0.1,0.0
Trey Lyles,SAS,24.0,0.9,1.6,0.578,0.1,0.4,0.346,0.2,0.3,0.5,0.1,0.3,0.421,0.6,1.5,0.409,0.5,1.3,0.354,0.0,0.0,0.0,0.0,0.0,0.0,0.0,0.0,0.0
Tristan Thompson,CLE,29.0,3.5,6.1,0.577,1.1,2.4,0.457,0.2,0.7,0.333,0.0,0.1,0.143,0.0,0.2,0.083,0.1,0.2,0.462,0.0,0.1,0.5,0.1,0.1,1.0,0.0,0.0,0.0
Troy Brown Jr.,WAS,20.0,1.9,3.0,0.644,0.3,1.0,0.322,0.2,0.7,0.366,0.3,1.0,0.333,0.5,1.1,0.441,0.4,1.4,0.302,0.1,0.2,0.333,0.0,0.0,0.0,0.0,0.1,0.167
Troy Daniels,DEN,28.0,0.3,0.4,0.647,0.1,0.1,0.5,0.1,0.2,0.5,0.1,0.5,0.316,0.4,0.9,0.432,0.6,1.8,0.307,0.1,0.1,1.0,0.0,0.0,0.0,0.0,0.0,0.0
Ty Jerome,PHX,22.0,0.3,0.8,0.429,0.3,0.7,0.412,0.2,0.6,0.333,0.1,0.1,0.667,0.2,0.6,0.375,0.3,1.3,0.242,0.0,0.0,0.0,0.0,0.0,0.0,0.0,0.1,0.0
Tyler Cook,CLE,22.0,0.5,0.8,0.625,0.1,0.1,1.0,0.2,0.2,1.0,0.0,0.0,0.0,0.0,0.0,0.0,0.0,0.0,0.0,,,,,,,0.0,0.0,0.0
Tyler Herro,MIA,20.0,0.9,1.8,0.488,0.3,0.7,0.452,0.5,1.1,0.434,0.6,1.5,0.403,1.0,2.4,0.398,1.4,3.7,0.382,0.0,0.1,0.5,0.0,0.0,0.0,0.0,0.0,0.0
Tyler Johnson,PHX,28.0,0.6,1.1,0.559,0.1,0.4,0.333,0.3,0.5,0.643,0.2,0.7,0.318,0.4,1.0,0.355,0.5,1.8,0.263,0.0,0.0,0.0,0.0,0.0,0.0,0.0,0.0,0.0
Tyrone Wallace,ATL,25.0,0.8,1.4,0.579,0.1,0.4,0.167,0.0,0.2,0.0,0.1,0.2,0.5,0.0,0.4,0.0,0.1,0.6,0.125,0.0,0.0,0.0,0.0,0.0,0.0,0.0,0.1,0.0
Tyson Chandler,HOU,37.0,0.6,0.7,0.778,0.0,0.0,0.0,0.0,0.0,0.0,0.0,0.0,0.0,0.0,0.0,0.0,0.0,0.0,0.0,0.0,0.0,0.0,0.0,0.0,0.0,0.0,0.0,0.0
Tyus Jones,MEM,24.0,0.9,1.6,0.564,0.6,1.2,0.468,0.5,1.2,0.436,0.3,0.5,0.529,0.4,0.8,0.418,0.4,1.3,0.349,0.0,0.0,0.0,0.0,0.0,0.0,0.0,0.0,0.0
Udonis Haslem,MIA,39.0,0.3,1.0,0.333,0.0,0.3,0.0,0.0,0.0,0.0,0.0,0.0,0.0,0.0,0.0,0.0,0.0,1.0,0.0,,,,,,,0.0,0.0,0.0
Vic Law,ORL,24.0,0.0,0.0,0.0,0.0,0.0,0.0,0.0,0.0,0.0,0.0,0.2,0.0,0.0,0.7,0.0,0.0,0.0,0.0,,,,0.0,0.0,0.0,0.0,0.0,0.0
Victor Oladipo,IND,28.0,1.5,3.5,0.422,0.4,0.7,0.556,0.3,0.9,0.333,0.8,1.4,0.556,0.5,1.3,0.412,1.3,4.2,0.309,0.1,0.4,0.25,0.0,0.1,0.0,0.0,0.0,0.0
Vince Carter,ATL,43.0,0.2,0.5,0.448,0.2,0.3,0.55,0.2,0.4,0.385,0.2,0.3,0.579,0.4,1.2,0.292,0.7,2.3,0.301,0.0,0.0,0.0,0.0,0.1,0.0,0.0,0.0,0.0
Vincent Poirier,BOS,26.0,0.5,0.9,0.556,0.1,0.2,0.5,0.0,0.2,0.0,0.1,0.2,0.333,0.1,0.2,0.667,0.1,0.1,0.5,0.0,0.0,0.0,0.0,0.0,0.0,0.0,0.0,0.0
Vlatko Cancar,DEN,23.0,0.5,0.6,0.714,0.0,0.1,0.0,0.0,0.0,0.0,0.0,0.0,0.0,0.0,0.2,0.0,0.1,0.4,0.2,0.0,0.0,0.0,,,,0.0,0.0,0.0
Wayne Ellington,NYK,32.0,0.2,0.3,0.545,0.0,0.1,0.0,0.0,0.0,0.0,0.1,0.3,0.3,0.6,1.5,0.404,0.9,2.9,0.313,0.0,0.0,0.0,0.0,0.0,0.0,0.0,0.0,0.0
Wendell Carter Jr.,CHI,21.0,3.3,5.2,0.638,0.3,1.0,0.31,0.4,0.7,0.533,0.1,0.3,0.357,0.1,0.6,0.208,0.0,0.2,0.111,0.0,0.0,0.0,0.0,0.0,0.0,0.0,0.0,0.0
Wenyen Gabriel,POR,23.0,0.5,0.8,0.619,0.0,0.2,0.0,0.0,0.0,1.0,0.0,0.0,0.0,0.2,0.5,0.333,0.1,0.3,0.25,0.0,0.0,0.0,0.0,0.0,0.0,0.0,0.0,0.0
Wes Iwundu,ORL,25.0,0.7,1.3,0.55,0.1,0.4,0.25,0.1,0.3,0.357,0.2,0.6,0.36,0.3,1.0,0.295,0.3,0.8,0.371,0.0,0.0,0.0,0.0,0.0,0.0,0.0,0.0,0.0
Wesley Matthews,MIL,33.0,0.6,1.1,0.597,0.1,0.4,0.273,0.1,0.3,0.353,0.1,0.2,0.364,0.7,1.7,0.423,0.9,2.9,0.328,0.0,0.1,0.333,0.0,0.0,0.0,0.0,0.0,0.0
Will Barton,DEN,29.0,2.6,4.6,0.568,0.4,1.4,0.298,0.3,0.8,0.396,0.4,0.8,0.556,0.9,2.1,0.411,1.1,3.0,0.355,0.0,0.0,0.0,0.0,0.0,0.0,0.0,0.0,1.0
William Howard,HOU,26.0,0.0,0.0,0.0,0.0,0.0,0.0,0.0,0.0,0.0,0.0,0.0,0.0,0.0,1.0,0.0,0.0,1.5,0.0,,,,,,,0.0,0.0,0.0
Willie Cauley-Stein,DAL,26.0,2.7,3.7,0.716,0.3,0.7,0.425,0.1,0.5,0.308,0.1,0.6,0.161,0.0,0.1,0.333,0.0,0.0,0.0,0.0,0.0,0.0,0.0,0.0,0.0,0.0,0.0,0.0
Willy Hernangomez,CHA,25.0,1.7,2.7,0.643,0.4,0.8,0.5,0.1,0.3,0.375,0.0,0.1,0.0,0.1,0.2,0.286,0.1,0.5,0.25,0.0,0.0,0.0,0.0,0.0,0.0,0.0,0.0,0.0
Wilson Chandler,BKN,33.0,0.6,0.8,0.69,0.3,0.5,0.474,0.1,0.2,0.286,0.2,0.2,0.857,0.4,1.4,0.306,0.6,2.0,0.31,0.0,0.1,0.0,0.0,0.0,0.0,0.0,0.0,0.0
Yogi Ferrell,SAC,27.0,0.3,0.7,0.429,0.0,0.1,0.25,0.3,0.6,0.423,0.6,1.1,0.585,0.2,0.6,0.348,0.3,1.0,0.244,0.0,0.0,0.0,0.0,0.1,0.0,0.0,0.0,0.0
Yuta Watanabe,MEM,25.0,0.5,0.9,0.538,0.1,0.2,0.5,0.0,0.3,0.0,0.1,0.3,0.333,0.2,0.4,0.6,0.0,0.2,0.0,0.0,0.0,0.0,0.0,0.0,0.0,0.0,0.0,0.0
Zach Collins,POR,22.0,1.7,3.0,0.556,0.0,0.0,0.0,0.3,0.7,0.5,0.0,0.3,0.0,0.3,0.7,0.5,0.7,1.7,0.4,0.0,0.0,0.0,,,,0.0,0.0,0.0
Zach LaVine,CHI,25.0,4.8,8.3,0.581,0.1,0.8,0.146,0.2,0.7,0.286,0.6,1.5,0.398,1.2,2.9,0.409,2.0,5.5,0.364,0.0,0.3,0.167,0.0,0.0,0.0,0.0,0.0,0.0
Zach Norvell Jr.,GSW,22.0,0.0,0.0,0.0,0.0,0.2,0.0,0.0,0.3,0.0,0.0,0.3,0.0,0.0,0.6,0.0,0.6,1.2,0.5,0.0,0.0,0.0,,,,0.0,0.0,0.0
Zhaire Smith,PHI,20.0,0.5,1.0,0.5,0.0,0.0,0.0,0.0,0.2,0.0,0.0,0.3,0.0,0.0,0.2,0.0,0.0,0.3,0.0,0.0,0.0,0.0,,,,0.0,0.0,0.0
Zion Williamson,NOP,19.0,8.4,13.4,0.63,0.2,0.8,0.267,0.1,0.3,0.333,0.0,0.1,0.0,0.0,0.3,0.0,0.3,0.5,0.6,0.0,0.0,0.0,0.0,0.0,0.0,0.0,0.0,0.0
Zylan Cheatham,NOP,24.0,0.7,0.7,1.0,0.0,0.3,0.0,0.0,0.3,0.0,0.0,0.0,0.0,0.0,0.3,0.0,0.0,0.0,0.0,0.0,0.0,0.0,0.0,0.0,0.0,,,
