,PLAYER_ID,RANK,PLAYER,TEAM,GP,MIN,FGM,FGA,FG_PCT,FG3M,FG3A,FG3_PCT,FTM,FTA,FT_PCT,OREB,DREB,REB,AST,STL,BLK,TOV,PTS,EFF
0,201935,1,James Harden,HOU,78,36.8,10.8,24.5,0.442,4.8,13.2,0.368,9.7,11.0,0.879,0.8,5.8,6.6,7.5,2.0,0.7,5.0,36.1,33.1
1,202331,2,Paul George,OKC,77,36.9,9.2,21.0,0.438,3.8,9.8,0.386,5.9,7.0,0.839,1.4,6.8,8.2,4.1,2.2,0.4,2.7,28.0,27.4
2,203507,3,Giannis Antetokounmpo,MIL,72,32.8,10.0,17.3,0.578,0.7,2.8,0.256,6.9,9.5,0.729,2.2,10.3,12.5,5.9,1.3,1.5,3.7,27.7,35.3
3,203954,4,Joel Embiid,PHI,64,33.7,9.1,18.7,0.484,1.2,4.1,0.3,8.2,10.1,0.804,2.5,11.1,13.6,3.7,0.7,1.9,3.5,27.5,32.2
4,201939,5,Stephen Curry,GSW,69,33.8,9.2,19.4,0.472,5.1,11.7,0.437,3.8,4.2,0.916,0.7,4.7,5.3,5.2,1.3,0.4,2.8,27.3,26.1
5,202695,6,Kawhi Leonard,TOR,60,34.0,9.3,18.8,0.496,1.9,5.0,0.371,6.1,7.1,0.854,1.3,6.0,7.3,3.3,1.8,0.4,2.0,26.6,26.9
6,1626164,7,Devin Booker,PHX,64,35.0,9.2,19.6,0.467,2.1,6.5,0.326,6.1,7.1,0.866,0.6,3.5,4.1,6.8,0.9,0.2,4.1,26.6,23.0
7,201142,8,Kevin Durant,GSW,78,34.6,9.2,17.7,0.521,1.8,5.0,0.353,5.7,6.5,0.885,0.4,5.9,6.4,5.9,0.7,1.1,2.9,26.0,27.9
8,203081,9,Damian Lillard,POR,80,35.5,8.5,19.2,0.444,3.0,8.0,0.369,5.9,6.4,0.912,0.9,3.8,4.6,6.9,1.1,0.4,2.7,25.8,25.0
9,202689,10,Kemba Walker,CHA,82,34.9,8.9,20.5,0.434,3.2,8.9,0.356,4.6,5.5,0.844,0.6,3.8,4.4,5.9,1.2,0.4,2.6,25.6,22.5
10,203078,11,Bradley Beal,WAS,82,36.9,9.3,19.6,0.475,2.5,7.3,0.351,4.4,5.5,0.808,1.1,3.9,5.0,5.5,1.5,0.7,2.7,25.6,24.2
11,201933,12,Blake Griffin,DET,75,35.0,8.3,17.9,0.462,2.5,7.0,0.362,5.5,7.3,0.753,1.3,6.2,7.5,5.4,0.7,0.4,3.4,24.5,23.7
12,1626157,13,Karl-Anthony Towns,MIN,77,33.1,8.8,17.1,0.518,1.8,4.6,0.4,4.9,5.8,0.836,3.4,9.0,12.4,3.4,0.9,1.6,3.1,24.4,30.4
13,202681,14,Kyrie Irving,BOS,67,33.0,9.0,18.5,0.487,2.6,6.5,0.401,3.2,3.7,0.873,1.1,3.9,5.0,6.9,1.5,0.5,2.6,23.8,25.3
14,1628378,15,Donovan Mitchell,UTA,77,33.7,8.6,19.9,0.432,2.4,6.7,0.362,4.1,5.1,0.806,0.8,3.3,4.1,4.2,1.4,0.4,2.8,23.8,18.7
15,203897,16,Zach LaVine,CHI,63,34.5,8.4,18.0,0.467,1.9,5.1,0.374,5.0,6.0,0.832,0.6,4.0,4.7,4.5,1.0,0.4,3.4,23.7,20.2
16,201566,17,Russell Westbrook,OKC,73,36.0,8.6,20.2,0.428,1.6,5.6,0.29,4.1,6.2,0.656,1.5,9.6,11.1,10.7,1.9,0.5,4.5,22.9,29.0
17,202691,18,Klay Thompson,GSW,78,34.0,8.4,18.0,0.467,3.1,7.7,0.402,1.7,2.0,0.816,0.5,3.4,3.8,2.4,1.1,0.6,1.5,21.5,18.0
18,203944,19,Julius Randle,NOP,73,30.6,7.8,14.9,0.524,0.9,2.7,0.344,4.9,6.7,0.731,2.2,6.5,8.7,3.1,0.7,0.6,2.8,21.4,22.8
19,200746,20,LaMarcus Aldridge,SAS,81,33.2,8.4,16.3,0.519,0.1,0.5,0.238,4.3,5.1,0.847,3.1,6.1,9.2,2.4,0.5,1.3,1.8,21.3,24.4
20,201942,21,DeMar DeRozan,SAS,77,34.9,8.2,17.1,0.481,0.1,0.6,0.156,4.8,5.7,0.83,0.7,5.3,6.0,6.2,1.1,0.5,2.6,21.2,22.6
21,1629029,22,Luka Doncic,DAL,72,32.2,7.0,16.5,0.427,2.3,7.1,0.327,4.8,6.7,0.713,1.2,6.6,7.8,6.0,1.1,0.3,3.4,21.2,21.6
22,201950,23,Jrue Holiday,NOP,67,35.9,8.2,17.3,0.472,1.8,5.4,0.325,3.1,4.0,0.768,1.1,3.9,5.0,7.7,1.6,0.8,3.1,21.2,23.1
23,1626156,24,D'Angelo Russell,BKN,81,30.2,8.1,18.7,0.434,2.9,7.8,0.369,2.0,2.5,0.78,0.7,3.2,3.9,7.0,1.2,0.2,3.1,21.1,19.2
24,201144,25,Mike Conley,MEM,70,33.5,7.0,16.0,0.438,2.2,6.1,0.364,4.9,5.8,0.845,0.6,2.8,3.4,6.4,1.3,0.3,1.9,21.1,20.8
25,203468,26,CJ McCollum,POR,70,33.9,8.2,17.8,0.459,2.4,6.4,0.375,2.3,2.7,0.828,0.9,3.1,4.0,3.0,0.8,0.4,1.5,21.0,17.6
26,202696,27,Nikola Vucevic,ORL,80,31.4,8.8,16.9,0.518,1.1,2.9,0.364,2.2,2.8,0.789,2.8,9.2,12.0,3.8,1.0,1.1,2.0,20.8,28.0
27,1627741,28,Buddy Hield,SAC,82,31.9,7.6,16.6,0.458,3.4,7.9,0.427,2.1,2.4,0.886,1.3,3.7,5.0,2.5,0.7,0.4,1.8,20.7,18.3
28,203999,29,Nikola Jokic,DEN,80,31.3,7.7,15.1,0.511,1.0,3.4,0.307,3.6,4.4,0.821,2.9,8.0,10.8,7.3,1.4,0.7,3.1,20.1,28.9
29,202699,30,Tobias Harris,PHI,82,34.7,7.5,15.3,0.487,1.9,4.8,0.397,3.2,3.7,0.866,0.8,7.0,7.9,2.8,0.6,0.5,1.8,20.0,21.6
30,101150,31,Lou Williams,LAC,75,26.6,6.5,15.2,0.425,1.4,3.9,0.361,5.7,6.5,0.876,0.5,2.4,3.0,5.4,0.8,0.1,2.4,20.0,17.3
31,201568,32,Danilo Gallinari,LAC,68,30.3,6.0,13.0,0.463,2.4,5.5,0.433,5.4,6.0,0.904,0.8,5.3,6.1,2.6,0.7,0.3,1.5,19.8,20.6
32,1628381,33,John Collins,ATL,61,30.0,7.6,13.6,0.56,0.9,2.6,0.348,3.3,4.4,0.763,3.6,6.2,9.8,2.0,0.4,0.6,2.0,19.5,23.2
33,1629027,34,Trae Young,ATL,81,30.9,6.5,15.5,0.418,1.9,6.0,0.324,4.2,5.1,0.829,0.8,2.9,3.7,8.1,0.9,0.2,3.8,19.1,18.3
34,202710,35,Jimmy Butler,PHI,65,33.6,6.4,13.9,0.462,1.0,3.0,0.347,4.8,5.6,0.855,1.9,3.4,5.3,4.0,1.9,0.6,1.5,18.7,20.7
35,1628398,36,Kyle Kuzma,LAL,70,33.1,7.1,15.5,0.456,1.8,6.0,0.303,2.7,3.6,0.752,0.9,4.6,5.5,2.5,0.6,0.4,1.9,18.7,16.4
36,203114,37,Khris Middleton,MIL,77,31.1,6.6,14.9,0.441,2.3,6.2,0.378,2.8,3.4,0.837,0.6,5.3,6.0,4.3,1.0,0.1,2.3,18.3,18.5
37,1627750,38,Jamal Murray,DEN,75,32.6,6.8,15.6,0.437,2.0,5.5,0.367,2.5,3.0,0.848,0.9,3.4,4.2,4.8,0.9,0.4,2.1,18.2,17.2
38,203952,39,Andrew Wiggins,MIN,73,34.8,6.8,16.6,0.412,1.6,4.8,0.339,2.8,4.1,0.699,1.1,3.7,4.8,2.5,1.0,0.7,1.9,18.1,14.2
39,203501,40,Tim Hardaway Jr.,DAL,65,31.6,6.0,15.3,0.393,2.5,7.3,0.34,3.6,4.2,0.841,0.5,2.9,3.4,2.4,0.8,0.1,1.6,18.1,13.3
40,200755,41,JJ Redick,PHI,76,31.3,5.9,13.5,0.44,3.2,8.0,0.397,3.0,3.4,0.894,0.3,2.2,2.4,2.7,0.4,0.2,1.3,18.1,14.6
41,202711,42,Bojan Bogdanovic,IND,81,31.8,6.4,13.0,0.497,2.0,4.8,0.425,3.0,3.8,0.807,0.4,3.7,4.1,2.0,0.9,0.0,1.7,18.0,16.0
42,203083,43,Andre Drummond,DET,79,33.5,7.1,13.3,0.533,0.1,0.5,0.132,3.1,5.2,0.59,5.4,10.2,15.6,1.4,1.7,1.7,2.2,17.3,27.3
43,1628368,44,De'Aaron Fox,SAC,81,31.4,6.2,13.6,0.458,1.1,2.9,0.371,3.7,5.1,0.727,0.5,3.2,3.8,7.3,1.6,0.6,2.8,17.3,18.9
44,1627783,45,Pascal Siakam,TOR,80,31.9,6.5,11.8,0.549,1.0,2.7,0.369,3.0,3.8,0.785,1.6,5.3,6.9,3.1,0.9,0.7,1.9,16.9,20.4
45,1627732,46,Ben Simmons,PHI,79,34.2,6.8,12.2,0.563,0.0,0.1,0.0,3.3,5.4,0.6,2.2,6.6,8.8,7.7,1.4,0.8,3.5,16.9,24.7
46,203903,47,Jordan Clarkson,CLE,81,27.3,6.5,14.6,0.448,1.8,5.5,0.324,2.0,2.4,0.844,1.0,2.3,3.3,2.4,0.7,0.2,1.7,16.8,13.4
47,203915,48,Spencer Dinwiddie,BKN,68,28.1,5.4,12.2,0.442,1.8,5.4,0.335,4.2,5.2,0.806,0.4,2.1,2.4,4.6,0.6,0.3,2.2,16.8,14.6
48,1629012,49,Collin Sexton,CLE,82,31.8,6.3,14.7,0.43,1.5,3.6,0.402,2.6,3.1,0.839,0.7,2.2,2.9,3.0,0.5,0.1,2.3,16.7,12.0
49,203991,50,Clint Capela,HOU,67,33.6,7.1,10.9,0.648,0.0,0.0,0.0,2.5,3.9,0.636,4.4,8.2,12.7,1.4,0.7,1.5,1.4,16.6,26.2
50,1626149,51,Montrezl Harrell,LAC,82,26.3,6.7,10.8,0.615,0.0,0.2,0.176,3.2,5.0,0.643,2.2,4.3,6.5,2.0,0.9,1.3,1.6,16.6,19.7
51,1626196,52,Josh Richardson,MIA,73,34.8,5.8,14.1,0.412,2.2,6.3,0.357,2.7,3.2,0.861,0.7,2.9,3.6,4.1,1.1,0.5,1.5,16.6,15.5
52,203084,53,Harrison Barnes,SAC,77,32.9,5.6,13.3,0.42,2.3,5.7,0.395,3.0,3.6,0.824,0.7,3.9,4.7,1.5,0.6,0.2,1.3,16.4,13.8
53,1629028,54,Deandre Ayton,PHX,71,30.7,7.2,12.3,0.585,0.0,0.1,0.0,2.0,2.7,0.746,3.1,7.1,10.3,1.8,0.9,0.9,1.8,16.3,22.6
54,201569,55,Eric Gordon,HOU,68,31.7,5.6,13.8,0.409,3.2,8.8,0.36,1.8,2.2,0.783,0.3,1.9,2.2,1.9,0.6,0.4,1.3,16.2,11.3
55,203932,56,Aaron Gordon,ORL,78,33.8,6.0,13.4,0.449,1.6,4.4,0.349,2.4,3.2,0.731,1.7,5.7,7.4,3.7,0.7,0.7,2.1,16.0,18.2
56,202339,57,Eric Bledsoe,MIL,78,29.1,6.0,12.4,0.484,1.6,4.8,0.329,2.3,3.0,0.75,1.1,3.6,4.6,5.5,1.5,0.4,2.1,15.9,18.6
57,203497,58,Rudy Gobert,UTA,81,31.8,5.9,8.8,0.669,0.0,0.0,0.0,4.1,6.4,0.636,3.8,9.0,12.9,2.0,0.8,2.3,1.6,15.9,27.0
58,1628369,59,Jayson Tatum,BOS,79,31.1,5.9,13.1,0.45,1.5,3.9,0.373,2.5,2.9,0.855,0.9,5.2,6.0,2.1,1.1,0.7,1.5,15.7,16.5
59,1627763,60,Malcolm Brogdon,MIL,64,28.6,5.9,11.7,0.505,1.6,3.8,0.426,2.2,2.4,0.928,1.0,3.5,4.5,3.2,0.7,0.2,1.4,15.6,16.9
60,203994,61,Jusuf Nurkic,POR,72,27.4,5.8,11.5,0.508,0.0,0.4,0.103,3.9,5.1,0.773,3.4,7.0,10.4,3.2,1.0,1.4,2.3,15.6,22.5
61,101108,62,Chris Paul,HOU,58,32.0,5.2,12.4,0.419,2.2,6.1,0.358,3.0,3.5,0.862,0.6,3.9,4.6,8.2,2.0,0.3,2.6,15.6,20.3
62,203471,63,Dennis Schroder,OKC,79,29.3,5.8,14.0,0.414,1.6,4.6,0.341,2.4,2.9,0.819,0.5,3.1,3.6,4.1,0.8,0.2,2.2,15.5,13.3
63,202704,64,Reggie Jackson,DET,82,27.9,5.4,12.8,0.421,2.1,5.7,0.369,2.5,2.9,0.864,0.5,2.1,2.6,4.2,0.7,0.1,1.8,15.4,13.4
64,203087,65,Jeremy Lamb,CHA,79,28.5,5.5,12.4,0.44,1.5,4.2,0.348,2.9,3.3,0.888,0.8,4.7,5.5,2.2,1.1,0.4,1.0,15.3,16.2
65,1626162,66,Kelly Oubre Jr.,PHX,69,28.0,5.4,12.2,0.445,1.6,4.9,0.32,2.7,3.5,0.775,1.0,3.7,4.7,1.2,1.2,0.9,1.5,15.2,14.1
66,203095,67,Evan Fournier,ORL,81,31.5,5.8,13.2,0.438,1.9,5.6,0.34,1.7,2.1,0.806,0.5,2.7,3.2,3.6,0.9,0.1,1.9,15.1,13.3
67,203082,68,Terrence Ross,ORL,81,26.5,5.4,12.7,0.428,2.7,7.0,0.383,1.6,1.8,0.875,0.3,3.1,3.5,1.7,0.9,0.4,1.1,15.1,12.9
68,2548,69,Dwyane Wade,MIA,72,26.2,5.8,13.3,0.433,1.2,3.6,0.33,2.3,3.2,0.708,1.0,3.0,4.0,4.2,0.8,0.5,2.3,15.0,13.7
69,201586,70,Serge Ibaka,TOR,74,27.2,6.3,11.9,0.529,0.7,2.3,0.29,1.8,2.4,0.763,2.1,6.0,8.1,1.3,0.4,1.4,1.5,15.0,18.6
70,1628963,71,Marvin Bagley III,SAC,62,25.3,5.7,11.4,0.504,0.5,1.5,0.313,2.9,4.2,0.691,2.6,5.0,7.6,1.0,0.5,1.0,1.6,14.9,16.4
71,1626144,72,Emmanuel Mudiay,NYK,59,27.2,5.6,12.5,0.446,1.2,3.6,0.329,2.4,3.2,0.774,0.6,2.8,3.3,3.9,0.7,0.3,2.4,14.8,13.0
72,203953,73,Jabari Parker,WAS,64,26.9,5.8,11.7,0.493,1.0,3.0,0.313,2.0,2.9,0.712,1.2,5.3,6.6,2.4,0.7,0.5,2.4,14.5,15.5
73,200768,74,Kyle Lowry,TOR,65,34.0,4.7,11.4,0.411,2.4,7.0,0.347,2.5,3.0,0.83,0.6,4.2,4.8,8.7,1.4,0.5,2.8,14.2,19.6
74,203992,75,Bogdan Bogdanovic,SAC,70,27.8,5.2,12.3,0.418,1.9,5.3,0.36,1.9,2.3,0.827,0.6,2.9,3.5,3.8,1.0,0.2,1.7,14.1,13.4
75,1627734,76,Domantas Sabonis,IND,74,24.8,5.6,9.5,0.59,0.1,0.2,0.529,2.8,3.9,0.715,2.5,6.8,9.3,2.9,0.6,0.4,2.2,14.1,20.2
76,202694,77,Marcus Morris Sr.,BOS,75,27.9,5.0,11.3,0.447,1.9,5.2,0.375,1.9,2.3,0.844,1.0,5.1,6.1,1.5,0.6,0.3,1.2,13.9,14.6
77,203500,78,Steven Adams,OKC,80,33.4,6.0,10.1,0.595,0.0,0.0,0.0,1.8,3.7,0.5,4.9,4.6,9.5,1.6,1.5,1.0,1.7,13.9,19.7
78,1628991,79,Jaren Jackson Jr.,MEM,58,26.1,5.1,10.2,0.506,0.9,2.4,0.359,2.6,3.4,0.766,1.3,3.4,4.7,1.1,0.9,1.4,1.7,13.8,14.4
79,200752,80,Rudy Gay,SAS,69,26.7,5.4,10.8,0.504,1.1,2.7,0.402,1.7,2.1,0.816,0.9,5.9,6.8,2.6,0.8,0.5,1.7,13.7,17.0
80,203925,81,Joe Harris,BKN,76,30.2,4.9,9.8,0.5,2.4,5.1,0.474,1.4,1.8,0.827,0.7,3.1,3.8,2.4,0.5,0.2,1.6,13.7,13.8
81,202683,82,Enes Kanter,POR,67,24.5,5.6,10.2,0.549,0.1,0.5,0.294,2.3,2.9,0.787,3.8,6.0,9.8,1.7,0.5,0.4,1.8,13.7,19.1
82,203924,83,Jerami Grant,OKC,80,32.7,5.1,10.3,0.497,1.4,3.7,0.392,2.0,2.8,0.71,1.2,4.0,5.2,1.0,0.8,1.3,0.8,13.6,15.0
83,201143,84,Al Horford,BOS,68,29.0,5.7,10.6,0.535,1.1,3.0,0.36,1.1,1.4,0.821,1.8,5.0,6.7,4.2,0.9,1.3,1.5,13.6,19.9
84,201188,85,Marc Gasol,TOR,79,30.8,4.9,11.0,0.448,1.3,3.5,0.363,2.4,3.2,0.759,1.0,6.9,7.9,4.4,1.1,1.1,2.0,13.6,19.3
85,1626167,86,Myles Turner,IND,74,28.6,5.1,10.5,0.487,1.0,2.6,0.388,2.0,2.7,0.736,1.4,5.8,7.2,1.6,0.8,2.7,1.4,13.3,18.1
86,1626224,87,Cedi Osman,CLE,76,32.2,4.7,11.1,0.427,1.7,4.9,0.348,1.9,2.4,0.779,0.6,4.1,4.7,2.6,0.8,0.1,1.5,13.0,12.8
87,1627759,88,Jaylen Brown,BOS,74,25.9,5.0,10.7,0.465,1.3,3.7,0.344,1.8,2.7,0.658,0.9,3.4,4.2,1.4,0.9,0.4,1.3,13.0,12.0
88,1628995,89,Kevin Knox II,NYK,75,28.8,4.5,12.2,0.37,1.7,4.9,0.343,2.2,3.0,0.717,0.8,3.7,4.5,1.1,0.6,0.3,1.5,12.8,9.2
89,201937,90,Ricky Rubio,UTA,68,27.9,4.3,10.7,0.404,1.2,3.7,0.311,2.9,3.4,0.855,0.5,3.1,3.6,6.1,1.3,0.1,2.6,12.7,14.4
90,201152,91,Thaddeus Young,IND,81,30.7,5.5,10.4,0.527,0.6,1.8,0.349,1.1,1.7,0.644,2.4,4.1,6.5,2.5,1.5,0.4,1.5,12.6,16.6
91,200794,92,Paul Millsap,DEN,70,27.1,4.6,9.5,0.484,0.8,2.3,0.365,2.6,3.6,0.727,2.2,5.0,7.2,2.0,1.2,0.8,1.4,12.6,16.6
92,1626159,93,Justise Winslow,MIA,66,29.7,4.9,11.3,0.433,1.5,3.9,0.375,1.3,2.1,0.628,1.0,4.4,5.4,4.3,1.1,0.3,2.2,12.6,14.2
93,2772,94,Trevor Ariza,WAS,69,34.0,4.3,10.7,0.399,2.1,6.3,0.334,1.9,2.4,0.793,0.7,4.7,5.4,3.7,1.3,0.3,1.5,12.5,14.7
94,201572,95,Brook Lopez,MIL,81,28.7,4.4,9.7,0.452,2.3,6.3,0.365,1.4,1.6,0.842,0.4,4.5,4.9,1.2,0.6,2.2,1.0,12.5,14.8
95,202355,96,Hassan Whiteside,MIA,72,23.3,5.4,9.4,0.571,0.0,0.2,0.125,1.5,3.4,0.449,3.6,7.8,11.3,0.8,0.6,1.9,1.3,12.3,19.7
96,201145,97,Jeff Green,WAS,77,27.2,4.2,8.9,0.475,1.4,4.2,0.347,2.4,2.7,0.888,0.7,3.3,4.0,1.8,0.6,0.5,1.3,12.3,12.8
97,202083,98,Wesley Matthews,IND,69,30.3,4.0,10.1,0.4,2.2,5.8,0.372,1.9,2.4,0.81,0.5,2.0,2.5,2.3,0.8,0.2,1.3,12.2,10.1
98,204060,99,Joe Ingles,UTA,82,31.3,4.4,9.8,0.448,2.3,5.9,0.391,1.1,1.5,0.707,0.4,3.6,4.0,5.7,1.2,0.2,2.4,12.1,15.1
99,201580,100,JaVale McGee,LAL,75,22.3,5.3,8.5,0.624,0.0,0.2,0.083,1.3,2.0,0.632,2.6,4.9,7.5,0.7,0.6,2.0,1.4,12.0,17.4
100,1626161,101,Willie Cauley-Stein,SAC,81,27.3,5.1,9.1,0.556,0.0,0.0,0.5,1.7,3.1,0.551,2.2,6.1,8.4,2.4,1.2,0.6,1.0,11.9,18.0
101,203109,102,Jae Crowder,UTA,80,27.1,4.0,10.0,0.399,2.2,6.5,0.331,1.8,2.5,0.721,0.8,4.1,4.8,1.7,0.8,0.4,1.1,11.9,11.8
102,202324,103,Derrick Favors,UTA,76,23.2,4.8,8.1,0.586,0.2,1.0,0.218,2.0,3.0,0.675,2.7,4.6,7.4,1.2,0.7,1.4,1.1,11.8,17.0
103,1627854,104,Bryn Forbes,SAS,82,28.0,4.4,9.6,0.456,2.1,5.0,0.426,0.8,1.0,0.885,0.2,2.7,2.9,2.1,0.5,0.0,1.0,11.8,11.1
104,201571,105,D.J. Augustin,ORL,81,28.0,3.9,8.4,0.47,1.6,3.8,0.421,2.2,2.6,0.866,0.5,2.0,2.5,5.3,0.6,0.0,1.6,11.7,13.8
105,203145,106,Kent Bazemore,ATL,67,24.5,4.1,10.3,0.402,1.4,4.5,0.32,1.9,2.6,0.726,0.6,3.3,3.9,2.3,1.3,0.6,1.8,11.6,11.1
106,1628367,107,Josh Jackson,PHX,79,25.2,4.4,10.6,0.413,0.9,2.8,0.324,1.8,2.7,0.671,0.8,3.6,4.4,2.3,0.9,0.7,2.2,11.5,10.5
107,202330,108,Gordon Hayward,BOS,72,25.9,4.1,8.8,0.466,1.1,3.2,0.333,2.2,2.6,0.834,0.7,3.8,4.5,3.4,0.9,0.3,1.5,11.5,13.9
108,203484,109,Kentavious Caldwell-Pope,LAL,82,24.8,4.0,9.2,0.43,1.8,5.3,0.347,1.7,1.9,0.867,0.6,2.3,2.9,1.3,0.9,0.2,0.8,11.4,10.4
109,1627736,110,Malik Beasley,DEN,81,23.2,4.3,9.1,0.474,2.0,5.0,0.402,0.7,0.8,0.848,0.4,2.0,2.5,1.2,0.7,0.1,0.7,11.3,10.2
110,203493,111,Reggie Bullock,LAL,63,29.8,3.9,9.4,0.412,2.3,6.2,0.377,1.2,1.3,0.859,0.3,2.4,2.7,2.0,0.6,0.2,1.0,11.3,10.1
111,201954,112,Darren Collison,IND,76,28.2,4.1,8.7,0.467,1.0,2.6,0.407,2.1,2.5,0.832,0.5,2.6,3.1,6.0,1.4,0.1,1.6,11.2,15.2
112,203918,113,Rodney Hood,POR,72,26.3,4.1,9.3,0.435,1.2,3.3,0.356,1.9,2.2,0.884,0.3,1.8,2.2,1.8,0.8,0.2,0.8,11.2,9.8
113,201960,114,DeMarre Carroll,BKN,67,25.4,3.4,8.6,0.395,1.6,4.6,0.342,2.7,3.6,0.76,1.0,4.2,5.2,1.3,0.5,0.1,1.1,11.1,11.0
114,203458,115,Alex Len,ATL,77,20.1,4.2,8.4,0.494,1.0,2.6,0.363,1.8,2.8,0.648,2.1,3.5,5.5,1.1,0.4,0.9,1.3,11.1,12.5
115,201599,116,DeAndre Jordan,NYK,69,29.7,4.1,6.5,0.641,0.0,0.0,0.0,2.7,3.8,0.705,3.3,9.8,13.1,2.3,0.6,1.1,2.2,11.0,22.3
116,1627832,117,Fred VanVleet,TOR,64,27.5,3.8,9.4,0.41,1.8,4.6,0.378,1.5,1.8,0.843,0.3,2.3,2.6,4.8,0.9,0.3,1.3,11.0,12.5
117,1628386,118,Jarrett Allen,BKN,80,26.2,4.2,7.1,0.59,0.1,0.6,0.133,2.5,3.5,0.709,2.4,6.0,8.4,1.4,0.5,1.5,1.3,10.9,17.5
118,203504,119,Trey Burke,DAL,58,19.4,4.1,9.4,0.431,1.0,2.7,0.352,1.8,2.1,0.831,0.5,1.2,1.7,2.7,0.6,0.1,0.8,10.9,9.4
119,1629019,120,Allonzo Trier,NYK,64,22.8,3.6,8.1,0.448,0.8,2.1,0.394,2.8,3.5,0.803,0.5,2.6,3.1,1.9,0.4,0.2,1.8,10.9,9.5
120,1628983,121,Shai Gilgeous-Alexander,LAC,82,26.5,4.2,8.7,0.476,0.6,1.7,0.367,1.9,2.4,0.8,0.7,2.1,2.8,3.3,1.2,0.5,1.7,10.8,11.9
121,203473,122,Dewayne Dedmon,ATL,64,25.1,4.0,8.2,0.492,1.3,3.4,0.382,1.4,1.8,0.814,1.6,5.9,7.5,1.4,1.1,1.1,1.3,10.8,16.1
122,201959,123,Taj Gibson,MIN,70,24.1,4.3,7.7,0.566,0.2,0.5,0.324,1.9,2.5,0.757,2.5,4.1,6.5,1.2,0.8,0.6,1.0,10.8,14.8
123,1628422,124,Damyean Dotson,NYK,73,27.5,4.0,9.6,0.415,1.7,4.7,0.368,1.0,1.3,0.745,0.5,3.1,3.6,1.8,0.8,0.1,1.0,10.7,10.1
124,203967,125,Dario Saric,MIN,81,25.0,3.8,8.6,0.437,1.5,4.0,0.365,1.6,1.9,0.88,1.6,4.1,5.6,1.6,0.6,0.1,1.2,10.6,12.2
125,203939,126,Dwight Powell,DAL,77,21.6,3.8,6.3,0.597,0.5,1.6,0.307,2.5,3.3,0.772,1.8,3.5,5.3,1.5,0.6,0.6,0.9,10.6,14.4
126,1628418,127,Thomas Bryant,WAS,72,20.8,4.3,7.0,0.616,0.5,1.4,0.333,1.5,1.9,0.781,1.6,4.7,6.3,1.3,0.3,0.9,0.8,10.5,15.5
127,201158,128,Marco Belinelli,SAS,79,23.0,3.6,8.7,0.413,1.9,5.0,0.372,1.4,1.6,0.903,0.2,2.3,2.5,1.7,0.4,0.1,0.9,10.5,9.0
128,203200,129,Justin Holiday,MEM,82,31.8,3.7,9.5,0.386,2.0,5.7,0.348,1.2,1.3,0.896,0.6,3.4,3.9,1.8,1.5,0.4,1.3,10.5,10.9
129,1628420,130,Monte Morris,DEN,82,24.0,4.2,8.6,0.493,1.1,2.8,0.414,0.8,1.0,0.802,0.4,1.9,2.4,3.6,0.9,0.0,0.6,10.4,12.1
130,201980,131,Danny Green,TOR,80,27.7,3.7,7.9,0.465,2.5,5.4,0.455,0.5,0.6,0.841,0.8,3.2,4.0,1.6,0.9,0.7,0.9,10.3,12.1
131,201936,132,Tyreke Evans,IND,69,20.3,3.7,9.6,0.389,1.1,3.1,0.356,1.7,2.3,0.719,0.5,2.4,2.9,2.4,0.8,0.3,1.7,10.2,8.4
132,101107,133,Marvin Williams,CHA,75,28.4,3.7,8.7,0.422,1.9,5.1,0.366,0.9,1.1,0.767,1.0,4.4,5.4,1.2,0.9,0.8,0.6,10.1,12.6
133,203482,134,Kelly Olynyk,MIA,79,22.9,3.3,7.1,0.463,1.4,4.0,0.354,1.9,2.3,0.822,0.9,3.8,4.7,1.8,0.7,0.5,1.4,10.0,11.9
134,202340,135,Avery Bradley,MEM,63,30.2,3.9,9.7,0.408,1.4,3.9,0.351,0.7,0.8,0.86,0.7,2.1,2.8,2.4,0.7,0.3,1.4,9.9,8.8
135,1628401,136,Derrick White,SAS,67,25.8,3.9,8.1,0.479,0.7,2.1,0.338,1.4,1.8,0.772,0.5,3.2,3.7,3.9,1.0,0.7,1.4,9.9,13.1
136,201988,137,Patty Mills,SAS,82,23.3,3.4,8.1,0.425,1.9,4.9,0.394,1.1,1.3,0.854,0.3,1.9,2.2,3.0,0.6,0.1,1.1,9.9,9.9
137,1628379,138,Luke Kennard,DET,63,22.8,3.6,8.3,0.438,1.7,4.3,0.394,0.8,1.0,0.836,0.2,2.7,2.9,1.8,0.4,0.2,0.9,9.7,9.3
138,1628989,139,Kevin Huerter,ATL,75,27.3,3.7,8.8,0.419,1.8,4.7,0.385,0.5,0.7,0.732,0.8,2.5,3.3,2.9,0.9,0.3,1.5,9.7,10.3
139,202357,140,Nemanja Bjelica,SAC,77,23.2,3.7,7.7,0.479,1.3,3.3,0.401,0.9,1.2,0.761,1.6,4.1,5.8,1.9,0.7,0.7,1.1,9.6,13.4
140,1628371,141,Jonathan Isaac,ORL,75,26.6,3.5,8.1,0.429,1.1,3.5,0.323,1.5,1.8,0.815,1.3,4.2,5.5,1.1,0.8,1.3,1.0,9.6,12.3
141,202391,142,Jeremy Lin,TOR,74,19.4,3.2,7.3,0.44,0.7,2.5,0.294,2.4,2.8,0.838,0.3,2.1,2.4,3.1,0.6,0.2,1.7,9.6,9.7
142,201577,143,Robin Lopez,CHI,74,21.7,4.1,7.2,0.568,0.1,0.4,0.226,1.2,1.7,0.724,1.9,2.0,3.9,1.2,0.1,1.1,1.3,9.5,10.9
143,202693,144,Markieff Morris,OKC,58,21.9,3.5,8.3,0.421,1.2,3.5,0.335,1.2,1.6,0.772,1.1,3.5,4.6,1.4,0.6,0.4,0.9,9.4,10.2
144,203210,145,JaMychal Green,LAC,65,21.1,3.5,7.3,0.483,1.1,2.7,0.403,1.2,1.6,0.792,1.6,4.7,6.3,0.8,0.7,0.5,1.3,9.4,12.2
145,202329,146,Al-Farouq Aminu,POR,81,28.3,3.2,7.3,0.433,1.2,3.5,0.343,1.9,2.1,0.867,1.4,6.1,7.5,1.3,0.8,0.4,0.9,9.4,14.1
146,1626204,147,Larry Nance Jr.,CLE,67,26.8,3.7,7.1,0.52,0.5,1.5,0.337,1.4,2.0,0.716,2.5,5.7,8.2,3.2,1.5,0.6,1.4,9.4,17.4
147,201587,148,Nicolas Batum,CHA,75,31.4,3.4,7.5,0.45,1.5,4.0,0.389,1.0,1.2,0.865,0.9,4.3,5.2,3.3,0.9,0.6,1.6,9.3,13.5
148,1628973,149,Jalen Brunson,DAL,73,21.8,3.6,7.7,0.467,0.9,2.5,0.348,1.2,1.6,0.725,0.3,2.0,2.3,3.2,0.5,0.1,1.2,9.3,9.5
149,101123,150,Gerald Green,HOU,73,20.2,3.2,7.9,0.4,2.1,6.0,0.354,0.8,0.9,0.838,0.4,2.1,2.5,0.5,0.5,0.4,0.8,9.2,7.5
150,1629013,151,Landry Shamet,LAC,79,22.8,3.0,7.1,0.431,2.1,5.0,0.422,0.9,1.2,0.806,0.3,1.4,1.7,1.5,0.5,0.1,0.6,9.1,8.1
151,1626179,152,Terry Rozier,BOS,79,22.7,3.3,8.4,0.387,1.5,4.3,0.353,0.9,1.2,0.785,0.4,3.5,3.9,2.9,0.9,0.3,0.9,9.0,10.6
152,1628370,153,Malik Monk,CHA,73,17.2,3.1,8.0,0.387,1.5,4.5,0.33,1.2,1.4,0.882,0.2,1.7,1.9,1.6,0.5,0.3,1.2,8.9,6.9
153,1626178,154,Rondae Hollis-Jefferson,BKN,59,20.9,3.4,8.3,0.411,0.2,0.8,0.184,2.0,3.1,0.645,1.4,3.8,5.3,1.6,0.7,0.5,1.2,8.9,9.9
154,1627826,155,Ivica Zubac,LAC,59,17.6,3.6,6.4,0.559,0.0,0.0,0.0,1.7,2.1,0.802,1.9,4.2,6.1,1.1,0.2,0.9,1.2,8.9,12.8
155,1628389,156,Bam Adebayo,MIA,82,23.3,3.4,5.9,0.576,0.0,0.2,0.2,2.0,2.8,0.735,2.0,5.3,7.3,2.2,0.9,0.8,1.5,8.9,15.4
156,203107,157,Tomas Satoransky,WAS,80,27.1,3.2,6.6,0.485,0.8,2.0,0.395,1.6,2.0,0.819,1.0,2.5,3.5,5.0,1.0,0.2,1.5,8.9,13.3
157,203935,158,Marcus Smart,BOS,80,27.5,3.0,7.1,0.422,1.6,4.3,0.364,1.3,1.6,0.806,0.7,2.2,2.9,4.0,1.8,0.4,1.5,8.9,12.0
158,1626209,159,Mario Hezonja,NYK,58,20.8,3.3,8.0,0.412,0.7,2.6,0.276,1.5,2.0,0.763,0.5,3.6,4.1,1.5,1.0,0.1,1.5,8.8,8.9
159,202692,160,Alec Burks,SAC,64,21.5,3.0,7.4,0.405,1.0,2.6,0.363,1.8,2.2,0.823,0.5,3.2,3.7,2.0,0.6,0.3,1.0,8.8,9.6
160,1626153,161,Delon Wright,MEM,75,22.6,3.2,7.4,0.434,0.7,2.2,0.298,1.6,2.0,0.793,0.9,2.6,3.5,3.3,1.2,0.4,1.0,8.7,11.5
161,1626181,162,Norman Powell,TOR,60,18.8,3.2,6.7,0.483,1.1,2.8,0.4,1.0,1.3,0.827,0.3,2.1,2.3,1.5,0.7,0.2,1.1,8.6,8.6
162,2594,163,Kyle Korver,UTA,70,19.1,2.9,6.9,0.416,2.0,5.0,0.397,0.9,1.0,0.822,0.1,2.2,2.3,1.2,0.4,0.2,0.8,8.6,7.5
163,1626168,164,Trey Lyles,DEN,64,17.5,3.2,7.7,0.418,0.8,3.1,0.255,1.3,1.8,0.698,0.7,3.2,3.8,1.4,0.5,0.4,1.1,8.5,8.5
164,1629066,165,Rodions Kurucs,BKN,63,20.5,3.2,7.1,0.45,0.9,2.9,0.315,1.1,1.5,0.783,0.9,3.0,3.9,0.8,0.7,0.4,1.2,8.5,8.8
165,204038,166,Langston Galloway,DET,80,21.8,2.9,7.3,0.388,1.7,4.8,0.355,1.0,1.2,0.844,0.6,1.5,2.1,1.1,0.5,0.1,0.3,8.4,7.2
166,203943,167,Noah Vonleh,NYK,68,25.3,3.0,6.5,0.47,0.7,2.0,0.336,1.6,2.3,0.712,1.7,6.1,7.8,1.9,0.7,0.8,1.3,8.4,14.1
167,1627761,168,DeAndre' Bembry,ATL,82,23.5,3.4,7.5,0.446,0.6,2.1,0.289,1.1,1.7,0.64,0.7,3.7,4.4,2.5,1.3,0.5,1.7,8.4,10.5
168,1628969,169,Mikal Bridges,PHX,82,29.5,3.0,6.9,0.43,1.3,3.8,0.335,1.2,1.4,0.805,0.7,2.5,3.2,2.1,1.6,0.5,0.9,8.3,10.7
169,203121,170,Darius Miller,NOP,69,25.5,2.7,7.0,0.39,1.9,5.3,0.365,0.8,1.0,0.789,0.2,1.7,1.9,2.1,0.6,0.3,0.9,8.2,7.8
170,1626143,171,Jahlil Okafor,NOP,59,15.8,3.6,6.1,0.586,0.0,0.1,0.2,1.0,1.5,0.663,1.4,3.3,4.7,0.7,0.3,0.7,0.9,8.2,10.6
171,1626158,172,Richaun Holmes,PHX,70,16.9,3.2,5.2,0.608,0.0,0.0,0.0,1.8,2.5,0.731,1.6,3.1,4.7,0.9,0.6,1.1,0.7,8.2,12.0
172,203085,173,Austin Rivers,HOU,76,26.7,3.1,7.5,0.406,1.4,4.3,0.318,0.7,1.3,0.526,0.3,1.8,2.1,2.2,0.6,0.3,0.9,8.1,7.4
173,1628402,174,Frank Jackson,NOP,61,19.2,3.2,7.3,0.434,0.9,2.8,0.314,0.9,1.2,0.74,0.4,1.8,2.2,1.1,0.4,0.0,0.8,8.1,6.6
174,202722,175,Davis Bertans,SAS,76,21.5,2.7,6.0,0.45,1.9,4.4,0.429,0.7,0.8,0.883,0.3,3.2,3.5,1.3,0.5,0.4,0.6,8.0,9.7
175,2037,176,Jamal Crawford,PHX,64,18.9,2.7,6.8,0.397,1.0,3.2,0.332,1.5,1.7,0.845,0.1,1.2,1.3,3.6,0.5,0.2,1.5,7.9,7.6
176,203552,177,Seth Curry,POR,74,18.9,2.9,6.3,0.456,1.5,3.4,0.45,0.6,0.7,0.846,0.4,1.3,1.6,0.9,0.5,0.2,0.8,7.9,6.7
177,1628404,178,Josh Hart,LAL,67,25.6,2.8,6.9,0.407,1.4,4.1,0.336,0.8,1.2,0.688,0.5,3.2,3.7,1.4,1.0,0.6,0.9,7.8,9.1
178,202066,179,Garrett Temple,LAC,75,27.2,2.8,6.6,0.422,1.2,3.5,0.341,1.1,1.4,0.748,0.4,2.5,2.9,1.4,1.0,0.4,0.9,7.8,8.4
179,1627790,180,Ante Zizic,CLE,59,18.3,3.1,5.6,0.553,0.0,0.0,0.0,1.6,2.2,0.705,1.8,3.6,5.4,0.9,0.2,0.4,1.0,7.8,10.5
180,203486,181,Mason Plumlee,DEN,82,21.1,3.2,5.4,0.593,0.0,0.1,0.2,1.4,2.4,0.561,2.0,4.4,6.4,3.0,0.8,0.9,1.5,7.8,14.1
181,1629006,182,Josh Okogie,MIN,74,23.7,2.6,6.9,0.386,0.8,2.9,0.279,1.6,2.2,0.728,0.6,2.4,2.9,1.2,1.2,0.4,0.9,7.7,7.9
182,203090,183,Maurice Harkless,POR,60,23.6,3.2,6.5,0.487,0.6,2.0,0.275,0.8,1.2,0.671,1.3,3.2,4.5,1.2,1.1,0.9,0.8,7.7,10.9
183,201976,184,Patrick Beverley,LAC,78,27.4,2.5,6.1,0.407,1.4,3.6,0.397,1.2,1.6,0.78,1.0,4.0,5.0,3.8,0.9,0.6,1.1,7.6,12.8
184,201588,185,George Hill,MIL,60,21.7,2.8,6.3,0.452,0.8,2.6,0.314,1.2,1.4,0.824,0.7,1.8,2.5,2.3,0.9,0.1,0.9,7.6,8.8
185,203585,186,Rodney McGruder,LAC,66,23.5,2.8,7.0,0.403,1.2,3.4,0.351,0.8,1.1,0.722,0.9,2.7,3.6,1.7,0.5,0.2,1.0,7.6,8.2
186,1627774,187,Jake Layman,POR,71,18.7,3.0,6.0,0.509,0.8,2.5,0.326,0.7,1.0,0.704,0.8,2.3,3.1,0.7,0.4,0.4,0.6,7.6,8.4
187,1627827,188,Dorian Finney-Smith,DAL,81,24.5,2.8,6.5,0.432,1.0,3.1,0.311,0.9,1.3,0.709,1.7,3.1,4.8,1.2,0.9,0.4,0.9,7.5,9.8
188,202697,189,Iman Shumpert,HOU,62,23.9,2.7,7.2,0.374,1.5,4.4,0.348,0.6,0.7,0.8,0.4,2.5,3.0,1.8,1.0,0.4,0.8,7.5,8.1
189,1628970,190,Miles Bridges,CHA,80,21.2,3.0,6.4,0.464,0.8,2.5,0.325,0.7,1.0,0.753,0.8,3.2,4.0,1.2,0.7,0.6,0.6,7.5,9.7
190,1713,191,Vince Carter,ATL,76,17.5,2.6,6.2,0.419,1.6,4.2,0.389,0.6,0.9,0.712,0.4,2.1,2.6,1.1,0.6,0.4,0.6,7.4,7.6
191,203110,192,Draymond Green,GSW,66,31.3,2.8,6.4,0.445,0.7,2.5,0.285,1.0,1.4,0.692,0.9,6.4,7.3,6.9,1.4,1.1,2.6,7.4,17.5
192,1629011,193,Mitchell Robinson,NYK,66,20.6,3.1,4.4,0.694,0.0,0.0,0.0,1.2,2.0,0.6,2.7,3.7,6.4,0.6,0.8,2.4,0.5,7.3,14.8
193,200782,194,P.J. Tucker,HOU,82,34.2,2.5,6.4,0.396,1.8,4.7,0.377,0.5,0.7,0.695,1.5,4.4,5.8,1.2,1.6,0.5,0.8,7.3,11.6
194,203926,195,Doug McDermott,IND,77,17.4,2.7,5.5,0.491,1.1,2.7,0.408,0.9,1.0,0.835,0.2,1.2,1.4,0.9,0.2,0.1,0.5,7.3,6.4
195,1626246,196,Boban Marjanovic,PHI,58,11.7,2.8,4.5,0.615,0.1,0.2,0.4,1.7,2.3,0.748,1.5,3.1,4.6,0.9,0.3,0.5,1.0,7.3,10.2
196,1626195,197,Willy Hernangomez,CHA,58,14.0,2.6,5.1,0.519,0.3,0.7,0.385,1.7,2.5,0.694,2.0,3.3,5.4,1.0,0.3,0.3,1.0,7.3,10.1
197,202362,198,Lance Stephenson,LAL,68,16.5,2.7,6.4,0.426,1.1,2.9,0.371,0.7,1.1,0.685,0.5,2.7,3.2,2.1,0.6,0.1,1.3,7.2,7.9
198,1628382,199,Justin Jackson,DAL,81,19.9,2.7,6.0,0.447,1.1,3.0,0.355,0.8,1.0,0.785,0.5,2.1,2.6,1.2,0.4,0.2,0.4,7.2,7.7
199,1628385,200,Harry Giles III,SAC,58,14.1,3.0,6.0,0.503,0.0,0.1,0.0,1.0,1.6,0.637,1.1,2.7,3.8,1.5,0.5,0.4,1.3,7.0,8.4
200,1627884,201,Derrick Jones Jr.,MIA,60,19.2,2.7,5.4,0.494,0.5,1.5,0.308,1.2,2.0,0.607,1.6,2.4,4.0,0.6,0.8,0.7,0.7,7.0,8.9
201,203488,202,Mike Muscala,LAL,64,20.4,2.3,5.6,0.402,1.4,4.0,0.348,1.1,1.3,0.824,0.9,2.9,3.8,1.2,0.3,0.6,0.8,7.0,8.6
202,1628384,203,OG Anunoby,TOR,67,20.2,2.7,6.0,0.453,1.0,3.0,0.332,0.5,0.9,0.581,0.9,2.1,2.9,0.7,0.7,0.3,0.8,7.0,7.1
203,1628390,204,Terrance Ferguson,OKC,74,26.1,2.5,5.8,0.429,1.4,3.9,0.366,0.5,0.7,0.725,0.4,1.5,1.9,1.0,0.5,0.2,0.6,6.9,6.4
204,1626192,205,Pat Connaughton,MIL,61,20.7,2.7,5.7,0.466,1.1,3.3,0.33,0.5,0.7,0.725,1.0,3.2,4.2,2.0,0.5,0.4,0.5,6.9,10.3
205,1626145,206,Tyus Jones,MIN,68,22.9,2.7,6.6,0.415,0.6,1.9,0.317,0.9,1.0,0.841,0.3,1.6,2.0,4.8,1.2,0.1,0.7,6.9,10.2
206,1626169,207,Stanley Johnson,NOP,66,18.3,2.6,6.7,0.389,0.9,3.3,0.288,0.8,1.0,0.781,0.5,2.8,3.3,1.3,0.9,0.2,1.2,6.9,7.1
207,1626188,208,Quinn Cook,GSW,74,14.3,2.8,5.9,0.465,1.1,2.7,0.405,0.3,0.4,0.769,0.3,1.8,2.1,1.6,0.3,0.0,0.7,6.9,6.9
208,1627782,209,Wayne Selden,CHI,75,19.2,2.6,6.4,0.406,0.7,2.3,0.316,0.9,1.2,0.728,0.5,1.9,2.4,1.5,0.4,0.2,1.1,6.9,6.1
209,1628467,210,Maxi Kleber,DAL,71,21.2,2.5,5.4,0.453,1.1,3.1,0.353,0.8,1.0,0.784,1.3,3.4,4.6,1.0,0.5,1.1,0.8,6.8,10.1
210,202323,211,Evan Turner,POR,73,22.0,2.8,6.1,0.46,0.2,0.7,0.212,1.0,1.5,0.708,0.5,4.0,4.5,3.9,0.5,0.2,1.6,6.8,10.6
211,101141,212,Ersan Ilyasova,MIL,67,18.4,2.5,5.7,0.438,0.9,2.4,0.363,0.9,1.1,0.824,1.4,3.1,4.5,0.8,0.5,0.3,0.7,6.8,8.7
212,1627853,213,Ryan Arcidiacono,CHI,81,24.2,2.3,5.2,0.447,1.0,2.7,0.373,1.1,1.3,0.873,0.3,2.4,2.7,3.3,0.8,0.0,0.8,6.7,9.8
213,203516,214,James Ennis III,PHI,58,21.2,2.4,5.1,0.469,0.9,2.7,0.353,1.0,1.4,0.716,1.0,2.1,3.1,0.7,0.7,0.4,0.6,6.7,8.0
214,203546,215,Ian Clark,NOP,60,16.2,2.5,6.4,0.394,1.1,3.4,0.327,0.6,0.6,0.892,0.2,1.3,1.5,1.6,0.4,0.1,1.0,6.7,5.3
215,203077,216,Michael Kidd-Gilchrist,CHA,64,18.4,2.5,5.2,0.476,0.3,0.7,0.34,1.5,1.9,0.772,1.4,2.5,3.8,1.0,0.5,0.6,0.7,6.7,8.8
216,1628380,217,Zach Collins,POR,77,17.6,2.5,5.2,0.473,0.5,1.6,0.331,1.2,1.6,0.746,1.4,2.8,4.2,0.9,0.3,0.9,1.0,6.6,8.8
217,202709,218,Cory Joseph,IND,82,25.2,2.8,6.7,0.412,0.7,2.1,0.322,0.4,0.5,0.698,0.5,2.9,3.4,3.9,1.1,0.3,1.0,6.5,10.2
218,1627885,219,Shaquille Harrison,CHI,73,19.6,2.5,5.8,0.432,0.3,1.2,0.27,1.1,1.7,0.667,0.5,2.6,3.0,1.9,1.2,0.4,0.8,6.5,8.4
219,1628425,220,Sterling Brown,MIL,58,17.8,2.5,5.4,0.465,0.9,2.5,0.361,0.5,0.7,0.69,0.5,2.7,3.2,1.4,0.4,0.1,0.8,6.4,7.7
220,203476,221,Gorgui Dieng,MIN,76,13.6,2.5,5.0,0.501,0.3,0.7,0.339,1.2,1.4,0.83,1.1,3.0,4.1,0.9,0.6,0.5,0.8,6.4,9.1
221,204456,222,T.J. McConnell,PHI,76,19.3,2.9,5.5,0.525,0.2,0.6,0.333,0.4,0.5,0.784,0.4,1.9,2.3,3.4,1.0,0.2,1.2,6.4,9.4
222,2734,223,Devin Harris,DAL,68,15.8,1.9,5.1,0.38,0.9,2.9,0.31,1.5,2.0,0.761,0.2,1.5,1.6,1.8,0.5,0.2,0.8,6.3,6.0
223,201973,224,Jonas Jerebko,GSW,73,16.7,2.2,4.9,0.459,0.9,2.6,0.367,0.9,1.1,0.8,1.0,3.0,3.9,1.3,0.4,0.2,0.6,6.3,8.7
224,1626172,225,Kevon Looney,GSW,80,18.5,2.7,4.3,0.625,0.0,0.1,0.1,0.8,1.3,0.619,2.4,2.8,5.2,1.5,0.6,0.7,0.6,6.3,11.5
225,1627767,226,Cheick Diallo,NOP,64,14.0,2.6,4.2,0.62,0.0,0.1,0.25,0.8,1.0,0.746,1.2,4.0,5.2,0.5,0.5,0.5,0.8,6.0,10.1
226,203503,227,Tony Snell,MIL,74,17.6,2.2,4.9,0.452,1.1,2.8,0.397,0.5,0.6,0.881,0.4,1.7,2.1,0.9,0.4,0.2,0.3,6.0,6.6
227,1627812,228,Yogi Ferrell,SAC,71,15.0,2.2,5.0,0.435,0.8,2.1,0.362,0.8,0.9,0.896,0.2,1.4,1.5,1.9,0.5,0.1,0.6,5.9,6.5
228,203917,229,Nik Stauskas,CLE,68,14.9,2.0,5.0,0.402,1.0,2.8,0.372,0.8,0.9,0.891,0.3,1.6,1.9,1.2,0.3,0.1,0.8,5.9,5.5
229,203086,230,Meyers Leonard,POR,61,14.4,2.2,4.0,0.545,0.8,1.8,0.45,0.7,0.8,0.843,0.8,3.0,3.8,1.2,0.2,0.1,0.7,5.9,8.6
230,1627823,231,Juancho Hernangomez,DEN,70,19.4,2.0,4.5,0.439,0.9,2.6,0.365,0.9,1.2,0.767,0.9,2.9,3.8,0.8,0.4,0.3,0.5,5.8,7.8
231,202334,232,Ed Davis,BKN,81,17.9,2.3,3.7,0.616,0.0,0.0,0.0,1.2,2.0,0.617,2.7,5.9,8.6,0.8,0.4,0.4,0.8,5.8,13.0
232,203118,233,Mike Scott,PHI,79,17.7,2.1,5.3,0.4,1.3,3.2,0.401,0.3,0.4,0.667,0.5,2.9,3.5,0.8,0.3,0.2,0.6,5.8,6.7
233,1628470,234,Torrey Craig,DEN,75,20.0,2.1,4.8,0.442,0.8,2.5,0.324,0.7,0.9,0.7,1.2,2.3,3.5,1.0,0.5,0.6,0.6,5.7,7.7
234,2738,235,Andre Iguodala,GSW,68,23.2,2.2,4.4,0.5,0.7,2.1,0.333,0.6,1.0,0.582,0.7,3.0,3.7,3.2,0.9,0.8,0.8,5.7,10.9
235,1628464,236,Daniel Theis,BOS,66,13.8,2.2,4.0,0.549,0.4,1.0,0.388,0.8,1.2,0.737,1.3,2.1,3.4,1.0,0.3,0.6,0.5,5.7,8.4
236,1627751,237,Jakob Poeltl,SAS,77,16.5,2.4,3.8,0.645,0.0,0.0,0.0,0.6,1.2,0.533,2.3,3.0,5.3,1.2,0.4,0.9,0.6,5.5,10.8
237,204025,238,Tim Frazier,MIL,59,19.0,2.0,4.4,0.444,0.6,1.7,0.366,0.7,0.9,0.759,0.7,2.2,2.8,4.2,0.5,0.1,1.3,5.3,8.9
238,1626220,239,Royce O'Neale,UTA,82,20.4,2.0,4.2,0.475,0.8,2.1,0.386,0.4,0.5,0.762,0.3,3.2,3.5,1.5,0.7,0.3,0.9,5.2,8.0
239,1627748,240,Thon Maker,DET,64,15.2,1.7,4.2,0.407,0.8,2.4,0.32,0.9,1.3,0.667,0.6,2.5,3.2,0.7,0.3,0.8,0.5,5.0,6.6
240,201229,241,Anthony Tolliver,MIN,65,16.6,1.5,4.0,0.382,1.2,3.3,0.377,0.7,0.9,0.783,0.2,2.5,2.7,0.7,0.3,0.3,0.6,5.0,5.8
241,1628411,242,Wes Iwundu,ORL,68,18.1,1.7,4.0,0.412,0.4,1.2,0.367,1.2,1.5,0.816,0.5,2.2,2.7,1.1,0.4,0.3,0.6,5.0,6.2
242,203457,243,Nerlens Noel,OKC,77,13.7,2.1,3.6,0.587,0.0,0.0,0.0,0.7,1.0,0.684,1.6,2.6,4.2,0.6,0.9,1.2,0.6,4.9,9.4
243,201162,244,Jared Dudley,BKN,59,20.7,1.7,4.1,0.423,0.9,2.6,0.351,0.5,0.8,0.696,0.6,2.1,2.6,1.4,0.6,0.3,0.7,4.9,6.5
244,1628035,245,Alfonzo McKinnie,GSW,72,13.9,1.9,3.8,0.487,0.6,1.6,0.356,0.4,0.7,0.563,1.1,2.3,3.4,0.4,0.3,0.2,0.4,4.7,6.3
245,1628971,246,Bruce Brown,DET,74,19.6,1.7,4.2,0.398,0.3,1.3,0.258,0.6,0.8,0.75,0.6,1.9,2.5,1.2,0.5,0.5,0.6,4.3,5.7
246,1626170,247,Jerian Grant,ORL,60,15.7,1.5,3.7,0.418,0.7,1.8,0.364,0.4,0.7,0.65,0.3,1.3,1.6,2.6,0.7,0.1,0.9,4.2,6.0
247,2733,248,Shaun Livingston,GSW,64,15.1,1.7,3.3,0.519,0.0,0.0,0.0,0.6,0.8,0.784,0.7,1.2,1.8,1.8,0.5,0.4,0.6,4.0,6.2
248,1626245,249,Cristiano Felicio,CHI,60,12.4,1.6,3.0,0.531,0.0,0.1,0.0,0.8,1.2,0.685,1.3,2.3,3.6,0.6,0.2,0.1,0.6,4.0,6.2
249,1627777,250,Georges Niang,UTA,59,8.7,1.5,3.1,0.475,0.7,1.8,0.41,0.3,0.4,0.833,0.2,1.3,1.5,0.6,0.2,0.1,0.4,4.0,4.3
250,1627846,251,Abdel Nader,OKC,61,11.4,1.5,3.5,0.423,0.5,1.6,0.32,0.4,0.6,0.75,0.2,1.7,1.9,0.3,0.3,0.2,0.4,4.0,4.1
251,2585,252,Zaza Pachulia,DET,68,12.9,1.3,2.8,0.44,0.0,0.1,0.0,1.4,1.8,0.782,1.5,2.4,3.9,1.3,0.5,0.3,0.8,3.9,7.0
252,1628388,253,TJ Leaf,IND,58,9.0,1.7,3.2,0.541,0.1,0.5,0.258,0.3,0.5,0.613,0.7,1.4,2.2,0.4,0.2,0.3,0.2,3.9,5.1
253,202335,254,Patrick Patterson,OKC,63,13.7,1.3,3.5,0.374,0.7,2.2,0.336,0.3,0.5,0.633,0.7,1.7,2.3,0.5,0.3,0.2,0.3,3.6,4.2
254,1627820,255,Tyrone Wallace,LAC,62,10.1,1.5,3.5,0.424,0.1,0.3,0.211,0.5,0.9,0.526,0.3,1.3,1.6,0.7,0.3,0.1,0.6,3.5,3.2
255,1628395,256,Jordan Bell,GSW,68,11.6,1.5,2.8,0.516,0.0,0.0,0.0,0.4,0.6,0.61,0.8,1.9,2.7,1.1,0.3,0.8,0.6,3.3,5.9
256,201967,257,Dante Cunningham,SAS,64,14.5,1.2,2.5,0.475,0.5,1.0,0.462,0.2,0.3,0.778,0.8,2.2,2.9,0.8,0.4,0.2,0.3,3.0,5.7
257,1628414,258,Sindarius Thornwell,LAC,64,4.9,0.3,0.8,0.347,0.0,0.2,0.2,0.4,0.5,0.735,0.1,0.6,0.7,0.3,0.2,0.1,0.3,1.0,1.3
